customer_id,recency,frequency,monetary,class
12747,366,103,40.74,Best
12820,323,59,15.97,Average
12821,0,6,15.45,No_Value
12822,16,45,20.42,No_Value
12823,221,5,351.9,Average
12824,0,25,15.88,No_Value
12826,362,91,16.21,Good
12829,23,11,26.64,No_Value
12831,0,9,23.89,No_Value
12832,65,27,14.19,No_Value
12833,0,24,17.39,No_Value
12834,0,18,17.35,No_Value
12836,252,173,15.09,No_Value
12837,0,12,11.17,No_Value
12838,340,112,6.03,Below
12839,364,314,17.81,Best
12840,82,113,24.13,No_Value
12841,367,399,9.91,Best
12842,238,34,32.91,Below
12843,198,100,16.92,No_Value
12845,22,24,14.67,No_Value
12847,0,77,11.21,No_Value
12849,237,48,21.84,Below
12851,0,40,3.3,No_Value
12852,0,17,18.33,No_Value
12853,181,76,25.05,No_Value
12854,239,110,12.04,No_Value
12855,0,3,12.7,No_Value
12856,55,308,7.07,No_Value
12857,91,46,24.05,No_Value
12863,0,5,104.24,No_Value
12864,0,3,49.04,No_Value
12867,333,523,7.65,No_Value
12868,187,107,15.02,No_Value
12871,123,11,34.6,Below
12872,38,66,9.09,No_Value
12873,0,4,93.5,No_Value
12875,219,2,171.62,Average
12877,354,142,10.76,Good
12878,29,47,18.19,No_Value
12881,0,7,42.57,No_Value
12883,64,42,16.75,No_Value
12884,0,7,44.15,No_Value
12885,60,69,16.54,No_Value
12886,151,82,16.81,No_Value
12888,41,5,70.82,No_Value
12890,0,77,4.9,No_Value
12891,107,3,110.33,Below
12893,0,33,5.68,No_Value
12895,44,21,16.94,No_Value
12897,97,4,54.13,No_Value
12901,261,111,149.39,Best
12902,0,10,13.87,No_Value
12908,136,2,375,Below
12909,213,88,24.28,No_Value
12913,363,50,49.67,Best
12915,223,22,16.53,No_Value
12916,181,105,28.4,No_Value
12917,0,2,297,No_Value
12920,0,26,6.26,No_Value
12922,0,28,14.48,No_Value
12923,0,26,6.73,No_Value
12924,239,28,33.18,Below
12928,323,84,24.56,Below
12929,0,8,14.73,No_Value
12930,93,25,16.63,No_Value
12931,336,78,515.51,Best
12933,259,103,5.88,Below
12935,317,129,16.75,Good
12936,61,59,18,No_Value
12938,0,9,12.68,No_Value
12939,270,47,246.42,Below
12940,33,99,9.23,No_Value
12942,234,72,9.48,No_Value
12944,319,30,20.15,Average
12945,0,23,20.13,No_Value
12947,229,94,15.29,No_Value
12949,221,214,19.4,No_Value
12950,21,23,80.13,Best
12951,322,63,16.89,Average
12953,0,17,19.4,No_Value
12955,266,178,26.53,Best
12956,0,19,5.69,No_Value
12957,329,238,16.88,Average
12963,357,95,19.54,Good
12965,0,104,7.38,No_Value
12966,0,10,16.02,No_Value
12967,13,18,89.34,No_Value
12968,0,5,27.19,No_Value
12970,315,113,3.78,Average
12971,368,302,36.09,Best
12974,0,8,18.1,No_Value
12976,0,22,33.57,No_Value
12977,0,4,9.03,No_Value
12980,200,20,368.75,No_Value
12982,0,28,13.95,No_Value
12984,0,4,24.38,No_Value
12987,124,28,19.95,No_Value
12988,0,84,6.29,No_Value
12989,355,57,118.21,Best
12990,278,13,31.5,Average
12993,275,27,15.36,Average
12994,264,58,16.14,Average
12995,0,3,70.44,No_Value
12997,294,59,20.79,Average
12999,49,28,16.28,No_Value
13001,322,336,29.19,Best
13002,0,7,17.28,No_Value
13003,109,6,24.84,Below
13004,346,401,14.01,Below
13005,72,22,19.73,No_Value
13006,0,4,20.39,No_Value
13008,0,14,16.39,No_Value
13011,0,3,16.85,No_Value
13012,285,67,18.4,Good
13013,370,219,21.97,Best
13015,195,176,19.01,No_Value
13016,49,47,16.81,No_Value
13017,0,1,204,No_Value
13018,279,458,15.89,No_Value
13021,354,131,19.97,Best
13023,65,40,17.25,No_Value
13026,274,40,24.38,Good
13027,240,26,265.85,No_Value
13028,22,45,14.7,No_Value
13030,356,99,8.08,Average
13032,34,71,14.23,No_Value
13033,0,11,17.32,No_Value
13034,314,37,17.37,Below
13035,186,26,34.49,Below
13037,118,48,18.36,No_Value
13038,210,28,32.45,Below
13043,0,13,39.72,No_Value
13044,0,33,16.98,No_Value
13045,0,18,16.96,No_Value
13046,235,35,17.98,Average
13047,342,168,18.96,No_Value
13048,312,135,13.59,Average
13049,253,14,46.91,Average
13050,351,392,14.53,No_Value
13052,0,18,19.34,No_Value
13055,135,76,15.98,No_Value
13058,127,8,33.93,Average
13059,0,8,22.93,No_Value
13060,0,15,20.5,No_Value
13061,0,10,24.86,No_Value
13062,0,11,31.54,No_Value
13064,314,68,16.46,Average
13065,0,14,14.7,No_Value
13066,7,47,9.17,No_Value
13067,0,15,7.7,No_Value
13068,309,2,172,Average
13069,368,370,10.07,Best
13070,0,9,25.42,No_Value
13072,0,7,25.31,No_Value
13075,0,22,41.8,No_Value
13077,365,101,7.16,Average
13078,363,348,35.99,Best
13079,136,6,36.68,Average
13080,0,6,9.68,No_Value
13082,212,73,49.5,No_Value
13085,137,17,18.83,No_Value
13090,364,155,57.49,Best
13091,0,21,16.47,No_Value
13093,97,159,49.26,No_Value
13094,288,4,111.84,Average
13095,0,6,12.4,No_Value
13097,327,414,14.38,No_Value
13098,316,572,50.49,Best
13099,0,1,207.36,No_Value
13101,0,8,12.65,No_Value
13102,363,292,21.07,Best
13103,0,8,30.49,No_Value
13106,0,1,76.5,No_Value
13107,289,58,26.41,Below
13108,0,10,35.01,No_Value
13109,97,47,16.73,No_Value
13110,279,139,10.69,No_Value
13113,365,192,63.44,Best
13116,0,30,16.7,No_Value
13117,350,76,12.96,Average
13118,269,74,15.23,Average
13120,0,1,30.6,No_Value
13121,0,47,5.42,No_Value
13122,146,55,16.77,No_Value
13124,269,233,16.59,No_Value
13126,361,138,14.9,Good
13127,0,15,17.28,No_Value
13130,0,2,32,No_Value
13132,0,3,25.77,No_Value
13133,30,7,15.69,No_Value
13134,154,95,18.07,No_Value
13135,0,1,3096,No_Value
13136,156,127,20.53,No_Value
13137,298,649,5.57,No_Value
13138,350,63,15.28,Average
13140,258,46,9.21,No_Value
13141,230,135,17.69,No_Value
13142,0,23,13.35,No_Value
13144,0,3,36.98,No_Value
13145,332,6,103.09,Average
13146,0,17,13.47,No_Value
13147,89,4,178.2,Good
13148,335,294,11.86,No_Value
13149,274,86,19.49,Average
13151,0,74,17,No_Value
13153,0,15,32.41,No_Value
13155,335,80,12.1,Below
13157,248,86,20.04,No_Value
13158,224,79,15.2,No_Value
13160,0,4,22.95,No_Value
13161,0,8,14.09,No_Value
13162,212,77,21.4,No_Value
13165,305,42,24.32,Below
13166,0,41,10.18,No_Value
13168,281,129,10.19,No_Value
13169,188,13,54.84,Average
13170,0,26,4.27,No_Value
13171,277,46,10.18,Average
13173,363,41,8.59,Average
13174,352,299,9.39,Below
13176,0,66,7.4,No_Value
13177,0,17,16.61,No_Value
13178,334,265,21.61,No_Value
13182,0,11,11.02,No_Value
13183,326,93,42.55,Best
13185,0,1,71.4,No_Value
13186,89,79,19.95,No_Value
13187,0,36,6.53,No_Value
13188,0,2,57.3,No_Value
13192,109,63,14.48,No_Value
13193,0,29,4.06,No_Value
13194,0,3,20.23,No_Value
13198,351,225,15.07,Average
13199,363,118,83.08,Best
13203,232,57,15.25,Average
13207,135,8,31.28,Average
13208,250,144,8.35,No_Value
13209,331,321,18.35,No_Value
13210,0,22,16.07,No_Value
13211,350,56,21.38,Average
13212,41,137,5.73,No_Value
13213,142,90,16.9,No_Value
13216,0,5,66.75,No_Value
13217,34,2,68.51,No_Value
13218,0,5,12.53,No_Value
13220,158,19,43.03,Below
13221,119,66,12.84,No_Value
13223,31,5,32.64,No_Value
13224,91,108,19.96,No_Value
13225,358,32,202,Best
13226,0,15,7.16,No_Value
13227,0,9,28.63,No_Value
13228,0,2,179,No_Value
13229,0,10,16.1,No_Value
13230,360,557,4.89,Good
13233,261,43,14.07,Below
13235,0,58,17.78,No_Value
13238,343,30,22.69,Average
13239,0,21,15.69,No_Value
13240,269,67,9.91,No_Value
13242,101,13,20.8,No_Value
13243,0,58,10.35,No_Value
13244,0,27,4.51,No_Value
13245,0,16,26.91,No_Value
13246,312,138,14.38,Average
13248,64,26,17.91,No_Value
13249,168,22,32.31,No_Value
13253,182,36,28.62,No_Value
13255,364,13,30.73,Average
13258,193,38,18.38,Average
13259,0,75,3.79,No_Value
13260,0,8,69.7,No_Value
13261,17,9,104.9,No_Value
13262,0,11,18.21,No_Value
13265,220,91,23.16,No_Value
13267,364,209,21.32,Best
13268,249,418,7.54,No_Value
13269,368,315,16.97,Best
13270,0,1,590,No_Value
13271,0,52,3.42,No_Value
13273,0,16,8.69,No_Value
13276,36,30,19.7,No_Value
13277,117,8,32.3,Average
13278,0,45,12.05,No_Value
13279,0,9,15.31,No_Value
13280,214,84,9.69,No_Value
13282,202,37,30.6,Average
13283,125,7,13.38,Below
13284,0,12,16.35,No_Value
13285,266,187,14.49,No_Value
13291,0,41,8.8,No_Value
13292,245,31,18.68,Average
13294,59,54,16.18,No_Value
13295,0,10,20.12,No_Value
13296,0,5,17.48,No_Value
13299,0,5,28.5,No_Value
13300,0,20,18.59,No_Value
13301,188,80,7.72,No_Value
13302,0,1,63.75,No_Value
13304,0,21,14.31,No_Value
13305,368,81,24.7,Good
13307,0,1,15,No_Value
13310,296,70,15.75,Average
13313,317,78,19.94,Average
13316,217,84,71.15,Below
13317,292,120,18.38,No_Value
13319,360,473,22.84,Best
13320,135,103,14.54,No_Value
13321,14,11,51.58,No_Value
13322,0,25,7.98,No_Value
13324,324,75,94.96,Average
13325,0,12,56.28,No_Value
13327,326,107,33.81,Below
13328,0,17,76.97,No_Value
13329,335,16,48.49,Average
13330,223,53,21.53,No_Value
13332,0,21,16.71,No_Value
13334,223,267,13.24,No_Value
13336,0,51,15.59,No_Value
13338,0,18,26.22,No_Value
13339,0,54,15.93,No_Value
13340,231,134,80.12,No_Value
13341,0,42,18.47,No_Value
13343,0,16,19,No_Value
13344,209,119,21.38,No_Value
13345,0,20,19.48,No_Value
13347,0,8,42.67,No_Value
13348,0,14,16.7,No_Value
13349,0,16,15.46,No_Value
13351,0,16,23.37,No_Value
13352,0,24,16.58,No_Value
13354,0,51,14.58,No_Value
13355,0,32,21.08,No_Value
13356,0,42,18.29,No_Value
13357,0,86,7.07,No_Value
13358,0,29,15.14,No_Value
13359,0,23,19.11,No_Value
13363,26,60,16.54,No_Value
13365,184,127,17.38,No_Value
13366,0,1,56.16,No_Value
13368,80,29,21.5,No_Value
13369,0,12,23.45,No_Value
13370,0,38,19.42,No_Value
13372,0,23,16.46,No_Value
13373,215,158,20.96,No_Value
13375,0,37,21.04,No_Value
13376,135,53,19.24,No_Value
13379,110,90,6.31,No_Value
13381,267,172,21.16,No_Value
13382,0,15,14.87,No_Value
13384,147,152,27.32,No_Value
13385,0,35,15.27,No_Value
13388,0,34,18.45,No_Value
13389,221,51,15.65,Average
13390,0,13,41.85,No_Value
13391,0,1,59.8,No_Value
13395,0,21,14.65,No_Value
13396,290,42,32.02,Average
13397,266,38,40.64,Below
13398,0,26,17.59,No_Value
13402,244,39,15.93,No_Value
13403,0,3,25,No_Value
13404,211,11,22.95,Average
13408,371,469,59.6,Best
13410,267,28,35.82,Average
13411,0,18,11.86,No_Value
13414,162,24,57.94,No_Value
13416,37,19,37.5,No_Value
13417,200,28,22.89,Average
13418,360,301,19.55,Below
13419,0,16,13.82,No_Value
13420,20,7,20.35,No_Value
13421,249,102,18.14,No_Value
13422,0,127,20.68,No_Value
13425,186,78,20.82,No_Value
13426,358,157,23.19,Best
13427,195,29,20.09,Average
13428,0,61,3.46,No_Value
13431,21,46,27.59,No_Value
13434,22,10,53.42,No_Value
13436,0,12,16.41,No_Value
13439,0,52,5.43,No_Value
13441,0,13,22.82,No_Value
13447,12,59,19.14,No_Value
13448,357,190,18.17,Average
13449,0,19,15.36,No_Value
13451,308,435,6.83,No_Value
13452,11,2,295,No_Value
13453,123,17,21,No_Value
13455,341,45,23.19,Average
13458,352,381,25.23,Good
13460,20,17,10.79,No_Value
13462,0,9,16.83,No_Value
13464,0,41,16.46,No_Value
13466,0,17,18.11,No_Value
13467,25,97,11.16,No_Value
13468,371,294,18.86,Best
13470,15,10,16.5,No_Value
13474,0,59,3.84,No_Value
13475,107,86,16.65,No_Value
13476,102,56,19.66,No_Value
13477,253,79,18.41,Below
13479,33,14,20.79,No_Value
13481,211,108,16.57,No_Value
13482,0,11,16.79,No_Value
13483,0,10,14.03,No_Value
13484,0,8,39.23,No_Value
13485,0,23,19.75,No_Value
13486,76,69,16.27,No_Value
13487,295,34,16.92,Below
13488,350,421,21.23,No_Value
13491,320,86,14.14,Below
13494,0,18,17.57,No_Value
13495,360,47,42.88,Good
13496,349,35,18.67,Average
13497,85,18,17.84,No_Value
13499,252,42,27.6,Average
13500,99,63,18.04,No_Value
13502,307,18,16.22,Average
13503,0,17,12.76,No_Value
13504,0,22,13.45,No_Value
13506,53,26,17.64,No_Value
13508,0,12,9.25,No_Value
13509,275,44,22.27,Average
13512,0,15,16.75,No_Value
13513,0,10,20.51,No_Value
13514,0,4,38.05,No_Value
13515,175,59,15.1,No_Value
13516,217,44,31.58,Average
13517,120,141,15.1,No_Value
13518,0,38,17.35,No_Value
13519,0,8,15.34,No_Value
13521,8,326,3.13,No_Value
13522,0,5,25.16,No_Value
13523,333,171,22.22,No_Value
13524,179,27,25.19,Below
13525,233,6,104.8,Average
13527,293,222,10.2,No_Value
13531,161,22,21.99,No_Value
13532,0,64,3.26,No_Value
13533,84,72,3.72,No_Value
13534,355,287,19.92,Best
13536,74,173,19.91,Best
13538,272,25,51.23,Average
13539,223,37,17.06,No_Value
13544,200,79,3.64,No_Value
13548,147,116,5.83,No_Value
13549,216,51,18,Average
13551,0,4,22.95,No_Value
13552,249,106,33.5,No_Value
13555,128,135,30.73,No_Value
13557,252,34,17.18,Average
13560,0,30,5.73,No_Value
13561,0,14,10.13,No_Value
13562,163,82,21.94,No_Value
13563,55,41,18.84,No_Value
13564,13,82,14.61,No_Value
13565,315,37,6.47,Average
13566,41,160,5.4,No_Value
13568,0,42,4.55,No_Value
13569,350,75,4.9,Average
13570,0,26,9.18,No_Value
13571,240,333,6.27,No_Value
13572,0,33,41.95,No_Value
13575,152,46,15.91,Below
13576,362,126,53.31,Best
13579,354,23,20.31,Average
13581,0,10,11.8,No_Value
13583,0,53,14.74,No_Value
13584,0,23,6.15,No_Value
13587,0,5,69.4,No_Value
13589,164,21,18.08,Average
13590,291,87,22.78,Good
13591,202,58,19.26,No_Value
13592,228,16,15.5,Average
13593,227,127,15.67,No_Value
13594,0,26,15.27,No_Value
13596,7,139,4.89,No_Value
13598,0,38,4.38,No_Value
13599,365,243,21.01,Best
13600,0,19,11.55,No_Value
13601,166,96,7.2,No_Value
13602,0,23,18.65,No_Value
13603,0,27,6.09,No_Value
13606,282,41,6.8,Average
13607,0,97,6.99,No_Value
13611,270,73,16.04,No_Value
13615,0,22,18.18,No_Value
13618,0,13,13.64,No_Value
13621,0,19,11.26,No_Value
13626,0,19,13.54,No_Value
13627,298,91,17.87,No_Value
13629,315,59,132.07,Best
13630,280,68,29.77,Good
13631,167,11,279.13,Below
13632,218,144,14.73,No_Value
13634,293,183,8.59,No_Value
13635,0,62,17.27,No_Value
13636,248,63,15.07,Below
13637,174,100,8.1,No_Value
13638,0,8,15.33,No_Value
13639,0,40,25.83,No_Value
13642,0,61,5.77,No_Value
13643,154,28,18.55,Below
13644,89,145,17.93,No_Value
13645,0,5,50.42,No_Value
13647,225,79,21.24,Good
13649,109,23,15.07,No_Value
13651,4,6,15.7,No_Value
13652,322,63,17.38,Below
13654,230,166,16.31,No_Value
13655,127,56,16.66,No_Value
13656,172,49,7.75,No_Value
13657,190,16,23.88,Average
13659,115,104,15.13,No_Value
13662,173,53,16.94,No_Value
13663,0,13,14.57,No_Value
13666,227,12,7.05,Below
13667,0,65,4.55,No_Value
13668,359,464,13.6,Best
13669,98,9,24.28,Below
13670,0,25,13.99,No_Value
13672,0,3,41.42,No_Value
13673,13,65,6.11,No_Value
13675,133,25,19.47,No_Value
13678,0,16,14.54,No_Value
13680,337,171,12.86,Good
13682,0,3,19.83,No_Value
13684,0,28,2.26,No_Value
13686,0,8,9,No_Value
13689,0,6,151.67,No_Value
13690,0,9,19.14,No_Value
13694,369,552,112.56,Best
13697,0,12,12.61,No_Value
13699,0,14,22.04,No_Value
13700,300,193,11.72,No_Value
13703,0,1,99.5,No_Value
13705,366,28,25.42,Average
13706,0,20,16.54,No_Value
13707,48,48,16.8,No_Value
13708,0,51,5.82,No_Value
13709,311,330,18.88,Best
13710,0,8,22.56,No_Value
13711,0,13,19.39,No_Value
13712,0,10,22.88,No_Value
13715,91,103,10.31,No_Value
13716,0,21,6.58,No_Value
13718,49,12,25.55,No_Value
13720,138,43,18.6,No_Value
13721,0,28,18.72,No_Value
13722,151,85,27.95,No_Value
13723,0,6,33.31,No_Value
13725,258,103,19.1,No_Value
13726,61,42,25.71,No_Value
13727,4,20,16.67,No_Value
13728,273,63,16.13,Below
13730,25,43,17.5,No_Value
13731,27,38,16.07,No_Value
13732,0,33,14.9,No_Value
13743,256,41,32.72,Good
13748,278,28,33.87,Below
13750,283,24,68.64,Average
13755,59,317,6.77,Below
13756,365,142,36.55,Best
13758,361,115,27.73,Good
13767,371,367,46.83,Best
13769,365,135,20.71,Best
13777,372,197,131.86,Best
13782,315,115,7.93,Average
13784,322,31,79.44,Best
13787,288,31,9.97,Below
13792,221,13,15.04,Below
13798,370,344,107.29,Best
13824,277,46,36.93,Average
13831,353,74,29.77,Good
13838,364,160,4.27,Average
13846,335,55,15.73,Average
13848,273,5,251,Average
13854,356,105,75.7,Best
13862,314,139,15.89,Average
13865,231,30,16.72,Below
13868,31,33,96.74,Average
13870,285,115,24.1,Best
13878,0,36,35.6,No_Value
13880,345,165,19.51,Below
13881,308,175,96.69,Best
13884,276,57,13.79,Average
13885,11,28,18.1,No_Value
13886,0,16,15.22,No_Value
13887,0,19,18.4,No_Value
13888,98,40,15.14,No_Value
13889,0,15,27.79,No_Value
13890,357,110,17.13,Good
13892,219,27,23.44,Average
13893,0,21,39.1,No_Value
13894,286,26,21.34,Average
13895,136,118,21.98,No_Value
13897,0,17,18.3,No_Value
13898,0,12,12.99,No_Value
13899,258,19,20.45,Average
13900,79,43,17.23,No_Value
13901,246,149,19.24,No_Value
13904,257,26,12.79,Average
13908,196,120,19.5,No_Value
13911,251,148,17.44,No_Value
13914,24,32,19.19,No_Value
13917,141,18,15.11,Below
13918,203,30,40.43,Below
13922,0,7,24.61,No_Value
13923,0,20,17.56,No_Value
13925,42,33,16.69,No_Value
13926,0,11,20.35,No_Value
13927,0,21,16.62,No_Value
13929,157,9,93.63,Below
13930,78,17,19.84,No_Value
13931,185,58,21.34,No_Value
13932,0,16,19.21,No_Value
13933,39,23,26.47,No_Value
13934,0,31,29.75,No_Value
13936,0,25,14.45,No_Value
13937,0,9,17.65,No_Value
13938,0,7,10.24,No_Value
13939,288,45,12.63,Average
13941,350,45,113.62,Best
13947,0,5,18.12,No_Value
13948,0,3,34,No_Value
13950,235,34,21.43,Average
13951,118,39,17.29,No_Value
13952,20,136,23.9,No_Value
13953,345,20,175.78,Best
13955,151,27,11.8,No_Value
13959,283,82,7.21,No_Value
13962,223,11,15.41,Average
13963,59,35,18.99,No_Value
13967,0,2,40.35,No_Value
13969,357,601,14.93,Below
13972,131,15,12.68,Below
13973,0,11,24.06,No_Value
13974,0,28,14.77,No_Value
13975,245,332,7.59,No_Value
13976,0,10,35.8,No_Value
13979,0,54,16.11,No_Value
13980,0,11,18.19,No_Value
13982,326,110,16.99,Below
13983,337,101,25.64,Below
13984,339,15,32.54,Average
13986,0,13,24.65,No_Value
13988,234,232,17.72,No_Value
13989,173,41,30.88,No_Value
13990,0,16,19.46,No_Value
13992,0,5,15.36,No_Value
13993,287,121,28.65,No_Value
13999,351,208,18.76,Average
14000,0,15,42.38,No_Value
14001,327,39,52.39,Average
14002,22,47,11.27,No_Value
14004,245,171,26.8,No_Value
14006,196,30,32.07,No_Value
14009,7,42,16.56,No_Value
14012,0,11,29.89,No_Value
14013,165,34,13.91,No_Value
14014,0,39,12.95,No_Value
14015,0,20,45.87,No_Value
14019,91,64,21.81,No_Value
14021,101,22,28.72,No_Value
14022,0,28,15.71,No_Value
14023,242,31,18.84,Average
14024,2,16,20.48,No_Value
14027,0,6,17.47,No_Value
14029,80,15,31.18,No_Value
14030,348,241,9.79,Below
14031,365,241,55.12,Best
14032,364,142,20.78,Best
14035,268,65,21.96,Below
14036,0,38,16.49,No_Value
14037,188,28,5.26,No_Value
14038,128,92,16.96,No_Value
14039,0,6,25.37,No_Value
14040,290,235,15.38,No_Value
14041,0,17,8.15,No_Value
14044,283,188,3.38,No_Value
14045,264,6,276.63,Average
14046,0,14,11.07,No_Value
14047,364,31,41.91,Good
14048,0,84,4.6,No_Value
14049,301,474,11.95,No_Value
14050,74,54,13.82,No_Value
14051,365,209,74.2,Best
14052,0,50,4.43,No_Value
14053,35,4,65.06,No_Value
14054,0,6,15.41,No_Value
14055,0,10,72.56,No_Value
14057,336,276,22.27,No_Value
14059,0,8,22.95,No_Value
14060,368,201,30.52,Best
14062,354,108,96.87,Best
14064,245,76,17.78,Below
14066,0,7,21.79,No_Value
14067,32,48,7.74,No_Value
14068,0,24,11.08,No_Value
14073,0,12,11.63,No_Value
14076,0,34,3.36,No_Value
14077,233,42,11.89,Below
14078,271,61,17.15,No_Value
14079,0,12,31.26,No_Value
14080,0,4,11.4,No_Value
14081,67,146,6.24,No_Value
14082,0,29,6.28,No_Value
14083,367,174,5.82,Average
14085,366,445,9.96,Best
14087,0,58,3.23,No_Value
14088,312,588,85.74,Below
14089,0,14,11.5,No_Value
14092,350,210,19.4,Best
14099,338,247,12.55,Below
14101,252,34,175.76,Below
14110,263,154,36.82,Best
14111,227,10,69.29,Average
14113,351,31,45.38,Good
14129,259,52,21.61,Good
14132,181,200,17.93,Best
14135,371,134,35,Best
14145,170,10,314.82,Good
14147,207,4,117.1,Average
14150,324,26,25.33,Average
14157,265,47,9.2,Average
14167,291,52,11.05,Below
14178,173,280,5.7,Below
14180,361,217,20.45,Good
14188,279,65,31.61,Average
14189,366,262,17.63,Best
14194,303,561,19.68,Good
14198,221,39,17.98,Average
14201,299,36,19.94,Below
14205,247,21,19.97,Average
14209,321,87,23.83,Good
14214,246,67,14.99,Below
14215,356,108,16.57,Good
14217,364,98,20.05,Good
14226,240,67,33.32,Below
14229,281,39,39.29,Below
14233,268,35,41.79,Below
14236,291,15,32.72,Below
14243,357,139,18.43,Good
14258,328,111,114.14,Best
14273,190,29,19.31,Below
14282,364,156,23.91,Best
14287,190,8,19.53,Average
14289,280,47,19.39,Average
14290,350,101,22.92,Good
14292,275,99,49,Best
14293,365,61,17.16,Average
14297,257,60,21.26,Average
14299,357,141,27.65,Best
14309,350,117,20.11,Good
14312,290,87,18.52,Below
14321,322,123,12.45,Average
14329,312,258,19.33,Below
14334,341,161,15.77,Average
14336,259,90,17.94,Average
14342,188,21,31.84,Average
14367,267,507,17.87,Below
14379,251,46,7.57,Below
14388,362,184,17.32,Good
14390,362,274,16.79,Average
14395,369,338,10.21,Best
14396,306,72,6.77,No_Value
14401,355,182,22.26,Best
14404,335,95,15.06,Below
14409,297,53,36,Below
14415,359,583,10.07,Best
14419,354,200,5.27,Average
14421,154,27,30.12,Below
14422,266,222,19.21,Best
14428,317,141,8.71,Average
14440,357,55,42.87,Good
14441,254,50,33.92,Good
14447,261,70,16.62,Average
14448,354,20,18.77,Average
14449,353,216,4.07,Below
14460,200,16,27.15,Below
14463,107,6,88.27,Below
14466,343,72,31.56,Average
14467,295,89,6.72,Average
14470,275,43,10.73,Average
14473,208,7,33.48,Average
14475,233,42,22.04,No_Value
14477,277,10,130.96,Good
14487,341,139,8.59,Below
14491,197,17,20.05,No_Value
14495,70,6,20.63,Below
14500,101,7,50.98,Below
14506,351,292,6.83,Below
14507,252,93,14.7,Below
14513,188,6,73.08,Below
14520,289,4,67.65,Average
14522,173,17,57.33,Average
14525,341,275,15.64,Below
14533,328,59,30.72,Average
14538,191,19,20.43,Below
14540,299,72,13.8,Average
14543,336,59,56.48,Average
14544,337,114,17.76,Below
14548,167,4,163.2,Below
14551,185,10,18.62,Average
14553,319,103,8.28,Average
14555,244,21,15.44,Below
14560,350,73,29.92,Good
14577,350,123,6.99,Average
14594,365,52,7.29,Average
14608,358,20,89.26,Good
14609,224,4,150.39,Average
14618,328,16,34.59,Average
14621,357,92,19.44,Good
14631,248,41,24.56,Below
14636,232,28,21.78,Average
14644,230,26,31.95,Below
14657,308,121,6.9,Average
14667,357,560,16.48,Below
14673,364,74,23.46,Good
14676,251,42,60.67,Average
14680,346,252,110.21,No_Value
14681,140,7,71.28,Below
14682,13,2,26,No_Value
14688,366,316,17.61,Good
14696,368,130,15.99,Good
14702,364,343,9.59,Best
14708,365,27,40.62,Good
14709,343,196,25.11,Average
14713,355,337,7.91,Average
14715,306,71,12.22,Average
14723,361,231,4.9,Average
14731,165,45,8.44,Below
14732,330,145,18.5,Good
14733,351,202,47.46,Average
14735,354,180,31.96,Best
14737,349,17,68.5,Good
14738,273,52,24.81,Below
14739,363,60,65.04,Best
14741,361,59,23.73,Good
14744,350,23,47.3,Average
14748,339,89,15.91,Below
14754,250,41,15.56,Below
14755,324,234,21.24,Average
14761,276,11,23.26,Average
14765,147,34,7.35,Below
14766,358,133,18.29,Good
14768,109,4,34.88,Average
14775,313,60,16.87,Below
14784,297,15,19.33,Average
14785,4,3,25.8,Below
14790,236,46,16.2,Average
14794,331,80,16.5,Good
14798,257,12,14.48,Average
14805,298,47,11.8,Average
14825,364,121,18.4,Good
14829,343,42,16.61,Average
14851,232,28,18.26,Average
14853,187,9,52.87,Average
14865,364,4,13.05,Average
14866,355,94,151.17,Best
14871,357,98,5.33,Average
14878,345,120,12.35,Average
14895,282,494,22.38,Below
14897,289,55,24.84,Good
14898,347,110,11.81,Below
14901,361,93,15.24,Good
14907,364,164,21.27,Best
14913,323,87,14.11,Below
14915,186,12,25.62,Below
14916,253,77,16.48,No_Value
14959,232,59,11.79,No_Value
14961,349,311,22.62,Average
14970,248,32,49.7,Below
14987,349,4,81.6,Average
14995,241,55,4.19,Below
15012,319,114,3.62,No_Value
15014,133,29,8.8,Below
15018,329,30,15.21,Average
15021,357,405,4.56,Below
15023,366,560,12.15,Best
15024,357,151,10.98,Good
15027,207,35,30.46,Average
15028,360,45,13.91,Average
15030,196,7,74.04,Average
15046,329,202,25.06,Best
15053,277,66,10.52,Average
15061,368,398,136.66,Best
15062,288,57,17.33,No_Value
15071,182,26,37.77,No_Value
15078,361,435,22.19,Average
15081,345,32,15.46,Average
15093,353,107,41.33,Average
15101,350,8,39.69,Average
15110,294,35,28.46,Average
15111,343,84,18.66,Below
15121,238,28,16.35,Below
15124,169,15,12.28,Average
15125,245,126,90.08,Below
15132,244,52,18.81,Average
15144,304,216,30.23,Best
15145,244,67,17.83,Good
15152,177,269,17.42,Below
15157,354,123,15.54,Good
15179,300,93,23.73,Average
15181,203,16,43.09,Below
15189,331,211,76.88,Best
15192,245,51,20.48,No_Value
15194,365,309,24.57,Best
15195,0,1,3861,Average
15197,347,31,21.3,Average
15199,249,13,97.59,Average
15206,265,9,46.7,Average
15208,352,42,20.72,Average
15211,304,52,17.2,Below
15218,308,160,35.96,Good
15227,280,58,21.02,Below
15240,267,78,21.88,Below
15244,182,34,18.58,Below
15251,232,111,94.46,Best
15260,272,72,23.07,No_Value
15267,160,11,156.12,Good
15270,294,41,58.04,Good
15271,358,251,9.93,Good
15288,322,88,26.21,Below
15289,220,58,16.2,Below
15290,354,199,39.1,Best
15291,348,103,45.32,Average
15296,275,187,19.13,No_Value
15298,364,190,19.86,Best
15299,304,6,651.17,Best
15304,307,23,30.19,Average
15312,279,47,19.68,Below
15351,357,217,8.89,Average
15358,360,545,15.2,Good
15365,289,40,18.49,Average
15370,291,94,25.38,Below
15373,363,116,16.29,Good
15392,355,84,18.28,Good
15393,264,12,19.32,Average
15394,348,85,25.69,Good
15406,269,52,9.44,Below
15414,232,39,19.87,Average
15421,251,53,17.93,Below
15426,350,243,5.8,Below
15436,221,280,3.91,Below
15449,235,60,16.24,Below
15452,234,56,9.6,Below
15465,349,97,75.82,Good
15473,46,6,210.2,Good
15482,343,53,100.87,Best
15484,77,187,19.05,Best
15485,343,86,29.94,Average
15497,302,15,84.15,Good
15498,364,511,26.06,Best
15502,353,191,33.54,Average
15512,203,7,17.29,Below
15514,352,114,23.88,Good
15525,371,157,5,Average
15527,335,157,15.45,Below
15544,363,259,13.69,Average
15545,316,73,3.94,Below
15550,297,59,9.73,Average
15561,203,24,30.53,Average
15563,336,112,12.24,Below
15579,245,50,6.96,No_Value
15587,301,9,101.52,Average
15601,361,409,16.54,Below
15602,359,42,26.31,Average
15605,337,67,17.88,Below
15611,325,43,37.01,Good
15612,25,6,32.53,Below
15628,362,155,18.52,Best
15640,367,483,25.91,Best
15646,214,34,12.5,No_Value
15651,223,32,20.2,Below
15656,238,47,15.93,Below
15660,340,89,17.54,Average
15669,223,33,20.74,Below
15671,252,78,34.07,Average
15680,356,78,17.1,Good
15687,321,166,18.03,Good
15689,241,9,28.23,Below
15694,372,76,83.79,Best
15722,254,69,32.21,Below
15727,342,299,17.31,Below
15737,228,66,16.77,Average
15738,353,172,27.9,Average
15750,364,290,8.47,Good
15757,152,45,15.88,No_Value
15759,139,7,36.15,No_Value
15769,363,112,461.11,Best
15781,280,20,17.27,Average
15793,253,11,86.27,Good
15796,301,128,21.12,Best
15797,206,8,275.93,Average
15806,230,31,25.31,Below
15811,343,133,16.68,Below
15822,356,33,26.83,Average
15835,286,50,19.08,Below
15838,356,167,201.46,Best
15841,266,46,26.39,Below
15845,319,138,26.9,Average
15847,249,22,17.69,Average
15850,148,70,3.16,Below
15854,357,122,24.29,Best
15856,361,626,25.75,Best
15858,351,174,8.19,Average
15860,327,138,7.06,No_Value
15862,365,137,6.03,Average
15863,167,15,4.51,Below
15864,293,19,93.88,Good
15867,363,455,8.37,Good
15885,216,18,21.08,Below
15898,367,81,17.1,Good
15901,138,96,3.67,Below
15903,285,74,69.28,Best
15916,350,150,10.04,Average
15919,349,132,4.79,Below
15939,241,76,80.46,No_Value
15950,327,94,18.2,Below
15951,276,41,17.27,Average
15953,354,97,17.1,Average
15965,350,116,7.25,Average
15967,295,76,5.43,Below
15969,182,19,30.68,Average
15971,293,35,120,Best
15983,351,104,14.11,Average
15984,365,251,11.18,Best
15987,356,115,12.49,Average
15990,243,52,15.23,Below
16003,329,103,26.56,Below
16005,258,182,3.26,Below
16008,180,32,14.94,Average
16011,357,211,15.94,Good
16013,367,136,260.47,Best
16015,45,157,4.32,Below
16027,210,16,58.41,Below
16029,335,185,239.74,No_Value
16038,194,26,18.15,Average
16041,110,6,527.73,Best
16043,280,39,19.85,Average
16062,355,64,18.03,Average
16083,259,31,42.5,No_Value
16086,307,39,28.75,Below
16099,175,39,18.77,Below
16103,226,48,29.78,Good
16107,165,31,103.36,Good
16122,293,38,18.01,Below
16128,264,89,21.13,Average
16133,314,331,43.53,Best
16134,337,34,17.88,Average
16136,217,37,19.17,Below
16140,305,34,20.83,Below
16143,365,117,20.73,Good
16150,329,116,17.36,No_Value
16156,302,128,23.97,Best
16161,367,455,11.9,Best
16168,359,97,38.87,Best
16182,222,28,236.34,Below
16186,349,212,18.48,Below
16191,357,128,38.75,Best
16203,313,35,16.94,Below
16206,272,58,9.21,Below
16208,244,61,10.83,Below
16210,372,123,171.43,Best
16212,264,41,16.84,Average
16218,343,83,37.01,Average
16221,330,96,9,Below
16232,171,37,26.78,Below
16233,295,21,22.71,Below
16235,291,46,18.85,Below
16241,360,545,4.65,Below
16255,348,254,10.28,Below
16265,355,257,21.15,Good
16271,355,126,11.3,Good
16293,345,118,19.06,Average
16298,164,27,22.16,Average
16303,307,160,33.25,Below
16308,223,4,640,Best
16313,46,16,17.13,Average
16325,198,17,31.83,Average
16333,302,45,591.71,Best
16350,312,57,19.59,Average
16353,366,94,71.02,Best
16357,180,34,19.38,Below
16359,324,64,23.45,Good
16365,349,50,30.79,Good
16385,306,49,11.22,Below
16386,225,55,5.43,Below
16389,229,34,40.65,Below
16393,366,311,9.64,Best
16399,216,67,6.03,Average
16401,326,185,22.15,Best
16411,349,44,4.86,Average
16414,258,7,18.04,Average
16441,224,24,15.88,Below
16442,359,149,4.04,Average
16454,19,2,3.45,Below
16458,357,201,17.32,Best
16474,137,306,6,Below
16495,272,86,7.88,Average
16496,308,93,16.8,Good
16500,326,11,36.44,Average
16503,253,84,17.05,No_Value
16506,20,3,30.1,Below
16518,222,40,12.11,Below
16519,340,13,16.54,Average
16523,313,282,32.22,Best
16525,364,130,73.56,Best
16531,338,77,16.16,Average
16532,320,4,1687.2,Best
16539,370,45,30.86,Good
16551,240,32,28.82,No_Value
16558,365,460,18.13,Best
16560,331,55,14.85,Average
16566,277,18,34.15,Average
16570,296,125,29.59,Average
16571,255,83,16.21,Below
16592,283,215,19.06,Best
16593,277,26,12.66,Below
16596,350,12,20.85,Average
16600,334,62,13.12,Average
16607,341,170,17.87,Below
16612,278,66,17.99,Below
16616,142,33,15.16,Average
16618,291,94,27.81,Below
16620,257,9,19.88,Average
16621,226,29,28.05,Below
16626,265,179,24.65,Best
16638,346,94,17.88,Average
16642,202,34,20.25,Average
16655,314,253,14.98,Below
16656,342,71,120.93,Best
16660,303,15,54.03,Average
16668,269,20,15.34,Average
16670,341,247,16.32,Below
16671,136,6,282.05,Good
16672,264,114,71.36,Best
16676,303,88,17.9,Below
16678,280,159,19.06,Best
16684,353,273,240.91,Best
16700,357,307,16.49,Average
16701,352,142,37.44,Best
16705,358,267,52.41,Best
16710,349,392,6.31,No_Value
16711,354,22,75.05,Good
16717,342,164,19.89,Below
16719,353,198,8.91,Below
16726,335,177,7.79,Below
16746,354,449,14.92,Best
16748,316,69,21.97,Average
16764,139,593,4.49,Below
16767,285,222,25.14,No_Value
16775,357,157,10.8,Good
16778,199,16,15.37,Below
16779,364,320,31.79,Best
16782,355,178,12.65,Average
16804,247,57,9.38,Average
16813,196,410,4.06,Below
16814,355,322,20.21,Below
16817,365,83,18.15,Good
16818,194,188,17.82,Below
16839,360,255,64.2,Best
16852,165,9,16.1,Average
16861,98,6,28.96,Below
16863,335,26,19.34,Average
16872,107,7,97.15,Below
16873,359,279,25.53,Best
16882,250,39,18.08,Below
16885,341,91,5.12,Average
16891,369,176,4.51,Average
16898,342,129,3.79,Below
16899,352,118,10.82,Good
16904,362,660,5.64,Average
16905,366,200,15.4,Best
16907,336,148,6.62,Below
16912,294,100,25.52,Below
16915,274,56,11.09,Average
16916,348,125,4.5,Below
16927,245,6,90.51,Average
16933,237,42,13.28,Average
16945,336,249,17.45,Below
16948,187,19,22.9,No_Value
16949,312,60,21.44,Good
16950,310,40,29.42,Below
16954,358,54,38.61,Good
16966,231,27,79.69,Best
16979,294,81,22.28,Good
16983,356,136,14.14,Average
16985,341,120,45.53,Average
16989,143,12,94.44,Good
16996,323,36,39.98,Average
16998,154,3,95.83,Below
17001,358,169,23.61,Best
17007,306,52,17.11,Below
17017,369,248,34.74,Best
17018,285,16,57.51,Average
17019,357,220,5.75,Average
17024,112,3,31.95,Average
17025,312,9,39.75,Average
17026,184,4,38.71,Below
17029,126,2,358,Average
17033,273,28,36.79,Below
17034,271,30,24.85,Average
17041,333,69,15.45,Average
17048,213,42,21.08,No_Value
17049,273,309,17.82,Best
17063,268,77,18.65,Average
17068,355,290,15.27,Below
17069,345,138,19.41,Below
17075,299,73,11.14,Average
17076,328,25,33.64,Average
17080,247,8,35.95,Average
17082,285,81,24.74,Below
17090,349,63,32.44,Good
17091,365,195,19.63,Best
17095,312,74,17.89,Average
17096,246,48,21.29,Average
17114,329,105,6.32,Average
17115,224,38,21.7,Average
17133,250,27,181.19,Best
17135,355,52,21.92,Average
17146,253,35,21.42,No_Value
17147,289,81,21.17,Average
17155,160,20,12.58,Average
17157,168,13,24.54,Average
17158,328,67,18.91,Average
17163,56,5,58.62,Average
17166,165,12,17.2,Average
17173,125,86,43.8,Best
17175,252,63,22.92,Below
17181,316,23,10.43,Below
17186,13,2,72,Below
17188,351,83,29.6,Good
17193,131,30,56.09,Below
17198,347,84,8.15,Average
17213,326,156,17.73,No_Value
17218,363,246,7.88,Good
17227,349,43,21.78,Average
17228,356,208,9.16,Below
17231,349,497,6.23,Below
17235,347,27,20.31,Average
17236,350,101,9.05,Average
17238,368,557,6.71,Best
17243,368,396,21.83,Best
17250,257,54,7.09,Average
17255,258,72,4.09,Below
17256,204,16,15,Below
17262,313,12,104.45,Average
17268,137,6,127.27,Below
17287,346,115,9.2,Below
17288,349,129,10.94,Good
17293,352,133,14.09,Good
17302,290,73,15.5,Average
17306,342,66,130.78,Best
17311,238,55,25.18,No_Value
17315,355,444,14.09,Best
17324,348,50,19.8,Average
17329,300,33,15.85,Average
17330,44,6,60.65,Average
17339,270,9,27.04,Below
17346,369,456,5.77,Good
17351,237,27,21.75,Average
17361,242,28,17.42,Below
17368,307,87,14.28,Average
17371,343,76,5.49,Average
17373,272,57,11.35,Below
17376,240,24,8.47,Below
17381,363,109,186.01,Best
17384,199,15,22.43,Average
17386,157,28,95.94,Best
17388,209,15,83.97,Below
17389,330,213,149.45,Best
17396,332,27,271.51,Best
17402,364,58,45.4,Best
17411,249,41,19,Average
17412,369,66,19.06,Good
17414,141,6,129.67,Average
17418,281,30,15.45,Average
17419,355,205,20.54,Average
17420,323,30,19.96,Average
17423,171,26,26.86,Below
17426,274,267,18.64,Average
17428,368,326,52.87,Best
17430,332,14,18.98,Average
17436,225,9,24.03,Average
17449,357,270,9.22,Best
17450,359,335,566.47,Best
17462,223,27,25.03,Below
17468,4,5,27.4,Below
17470,323,78,14.42,Below
17491,366,109,32.65,Best
17502,19,28,24.61,Below
17512,272,105,27.86,Below
17515,286,87,7.35,Below
17519,351,82,22.49,Average
17521,169,45,16.07,Below
17526,360,17,54.01,Average
17528,70,246,14.73,Best
17530,363,382,6.22,Good
17537,273,74,12.13,Below
17540,291,25,23.16,Average
17549,27,6,24.81,Below
17552,311,49,18.99,Below
17560,215,26,32.88,Below
17567,365,165,26.25,Best
17572,302,12,18.9,Below
17576,357,398,8.74,Average
17581,371,435,24.32,Best
17593,349,209,18.57,Best
17611,353,537,7.36,Below
17616,194,3,190.4,Below
17618,356,78,12.46,Average
17621,333,26,53.07,Good
17624,203,50,16.87,Average
17629,354,120,14.86,Good
17631,230,39,13.55,Average
17651,165,231,17,Below
17655,355,89,28.9,Good
17658,185,17,32.15,Average
17659,354,156,18.97,Average
17663,261,86,20.96,Below
17664,193,43,14.06,Average
17666,61,18,40.45,Good
17668,36,15,23.18,Good
17671,349,46,28.28,Average
17673,318,226,7.2,Good
17674,294,27,20.41,Below
17676,362,78,17.79,Good
17677,367,299,54.39,Best
17682,358,118,20.97,Good
17685,355,130,24.55,Average
17686,295,286,20.07,Good
17696,326,115,19.88,Below
17700,264,140,17.88,Below
17702,175,73,24.77,Below
17705,298,102,17.73,Good
17706,362,377,27.06,Best
17707,151,5,30.48,Below
17711,279,23,16.74,Average
17720,341,50,23.92,Average
17725,250,188,17.99,Below
17728,82,165,17.43,Average
17730,323,218,24.3,Best
17733,222,35,19.78,Below
17734,180,43,16.29,Below
17736,104,24,14.06,Average
17737,49,10,16.82,Average
17738,262,97,19.37,Average
17739,348,47,59.39,Best
17742,219,15,23.67,Below
17744,354,136,17.08,Good
17750,158,189,9.5,Average
17754,259,91,19.47,Good
17759,152,85,9.74,Below
17760,351,25,11.5,Average
17768,157,105,21.65,Average
17769,308,306,12.99,Below
17771,266,48,5.04,Below
17779,122,81,7.98,Below
17786,231,63,4.34,No_Value
17788,55,5,223.58,Below
17790,338,190,10.35,Below
17796,329,80,8.7,Below
17800,296,103,11.63,Below
17809,357,60,89.1,Best
17812,355,124,5.8,Average
17816,328,13,2.65,Below
17817,272,32,12.09,Average
17819,299,48,77.18,Below
17827,359,212,9.39,Good
17830,287,23,17.33,Average
17835,20,60,5.83,Average
17848,276,50,18.01,No_Value
17856,279,15,94.54,Good
17857,361,53,505.78,Best
17858,363,199,25.91,Best
17861,316,218,9.63,Good
17864,262,96,6.19,Average
17867,258,61,10.25,Below
17869,260,38,11.24,No_Value
17870,364,246,7.6,Good
17873,293,43,42.06,Below
17883,242,121,5.43,Average
17884,367,112,6.38,Average
17886,217,96,9.3,Below
17888,319,52,10.03,Below
17905,302,34,23.54,Below
17913,296,58,7.08,Below
17917,317,88,3.82,Below
17920,369,607,6.83,Good
17924,361,31,95.56,Best
17928,200,20,10.5,Below
17929,297,5,168.6,Good
17930,203,39,44.63,Below
17932,182,90,14.8,Below
17937,353,43,100.03,Best
17940,253,19,216.13,Good
17949,370,62,845.3,Best
17951,333,20,50.43,Average
17954,365,464,4.93,Average
17961,350,227,5.64,Below
17964,340,95,4.9,Below
17966,223,67,16.38,Below
17975,351,275,14.9,Below
17988,314,36,5.3,Average
17999,329,80,4.68,Below
18001,74,52,7.94,Below
18005,43,53,4.61,Average
18008,248,29,72.94,Below
18016,331,123,12.06,Below
18017,229,3,174.33,Average
18030,38,9,25.63,Average
18036,213,83,4.76,Below
18040,226,19,18.8,Average
18041,361,422,9.79,Below
18043,342,113,4.91,Below
18044,356,127,16.45,Good
18055,362,358,18.9,Good
18059,44,18,17.03,Below
18061,344,46,46.07,Good
18062,164,27,26.69,No_Value
18064,102,7,116.29,Below
18065,358,137,17.47,Good
18075,337,141,18.37,Below
18077,358,225,11.69,Good
18080,223,2,615.75,Best
18081,97,17,20.2,Below
18087,192,2,2027.86,Best
18092,363,89,101.89,Best
18097,346,108,24.98,Best
18101,132,39,5.69,Average
18102,366,431,602.45,Best
18109,368,421,18.42,Best
18112,154,25,14.07,Average
18127,114,44,7.9,Below
18135,161,20,34.1,Average
18136,256,37,20.59,Below
18144,365,43,67.18,Best
18145,299,221,12.95,Below
18147,62,7,25.62,Below
18149,222,16,38.25,Average
18150,169,37,15.31,Below
18154,40,21,19.01,Average
18155,216,25,14.86,Below
18156,356,136,5.38,Average
18158,79,34,13.34,Average
18161,304,80,20.23,Average
18167,82,37,37.43,Below
18170,183,38,25.8,Below
18171,274,54,22.8,Below
18172,275,189,40.01,Average
18177,224,66,19.85,Below
18179,327,90,19.92,Good
18180,137,119,15.49,Good
18188,275,71,28.18,Good
18198,332,159,34.12,Best
18210,265,134,19.56,Best
18211,252,42,14.29,Average
18219,366,113,17.87,Good
18221,189,64,16.28,Below
18223,353,267,23.94,Best
18225,361,269,20.38,Best
18229,361,164,44.37,Best
18230,293,86,32.68,Best
18236,210,49,18,Below
18237,131,61,16.18,Good
18241,208,103,19.98,Good
18245,347,175,14.67,Good
18246,209,4,149.03,Average
18259,341,42,55.68,Good
18263,226,61,19.89,Below
18270,228,10,24.49,Average
18272,244,166,18.55,Best
18273,255,3,68,Average
18282,118,12,14.84,Average
18283,333,619,3.23,Good
