pop_id,recommend
1,0
2,3
3,3
4,1
5,3
6,3
7,5
8,7
9,5
10,5
11,3
12,3
13,5
14,8
15,3
16,3
17,0
18,1
19,3
20,3
21,7
22,1
23,2
24,4
25,3
26,3
27,8
28,2
29,3
30,5
31,3
32,2
33,3
34,5
35,3
36,4
37,4
38,3
39,3
40,4
41,8
42,6
43,3
44,3
45,6
46,4
47,5
48,4
49,4
50,3
51,4
52,8
53,9
54,3
55,9
56,6
57,10
58,4
59,4
60,0
61,6
62,1
63,5
64,5
65,4
66,4
67,2
68,8
69,6
70,4
71,4
72,2
73,5
74,5
75,4
76,4
77,4
78,4
79,4
80,4
81,4
82,4
83,4
84,4
85,4
86,8
87,6
88,6
89,4
90,4
91,6
92,4
93,1
94,5
95,5
96,5
97,5
98,4
99,9
100,5
101,6
102,1
103,5
104,5
105,9
106,2
107,3
108,5
109,5
110,5
111,6
112,4
113,10
114,5
115,5
116,5
117,6
118,5
119,0
120,7
121,5
122,5
123,7
124,7
125,7
126,5
127,2
128,6
129,2
130,3
131,3
132,8
133,5
134,3
135,5
136,8
137,2
138,5
139,5
140,5
141,6
142,1
143,5
144,1
145,8
146,5
147,2
148,5
149,5
150,5
151,2
152,3
153,6
154,5
155,6
156,5
157,5
158,3
159,6
160,2
161,7
162,5
163,7
164,6
165,5
166,6
167,3
168,9
169,5
170,3
171,6
172,9
173,4
174,5
175,10
176,3
177,7
178,6
179,4
180,4
181,5
182,3
183,7
184,5
185,6
186,8
187,4
188,6
189,8
190,8
191,4
192,6
193,0
194,5
195,5
196,6
197,9
198,6
199,5
200,1
201,6
202,9
203,3
204,4
205,5
206,4
207,6
208,3
209,6
210,7
211,6
212,5
213,6
214,6
215,4
216,5
217,10
218,5
219,4
220,7
221,6
222,4
223,6
224,4
225,4
226,7
227,6
228,5
229,7
230,1
231,5
232,5
233,5
234,7
235,6
236,7
237,2
238,6
239,8
240,0
241,4
242,6
243,4
244,6
245,5
246,7
247,7
248,7
249,6
250,1
251,7
252,8
253,8
254,6
255,7
256,4
257,6
258,7
259,6
260,7
261,6
262,2
263,6
264,7
265,5
266,5
267,6
268,1
269,6
270,9
271,2
272,7
273,5
274,6
275,8
276,6
277,3
278,6
279,6
280,5
281,6
282,7
283,5
284,8
285,2
286,7
287,5
288,6
289,3
290,7
291,6
292,7
293,9
294,7
295,3
296,5
297,2
298,3
299,7
300,8
301,8
302,8
303,10
304,2
305,5
306,8
307,5
308,6
309,4
310,3
311,6
312,8
313,7
314,3
315,9
316,7
317,8
318,0
319,8
320,9
321,9
322,10
323,1
324,4
325,7
326,6
327,8
328,1
329,9
330,6
331,9
332,2
333,6
334,2
335,4
336,2
337,4
338,4
339,0
340,5
341,9
342,3
343,7
344,5
345,10
346,10
347,3
348,3
349,3
350,5
351,3
352,6
353,0
354,3
355,8
356,7
357,5
358,5
359,4
360,7
361,7
362,1
363,5
364,5
365,6
366,4
367,5
368,4
369,0
370,4
371,1
372,6
373,8
374,1
375,4
376,1
377,5
378,5
379,8
380,6
381,8
382,8
383,6
384,1
385,5
386,1
387,9
388,4
389,4
390,8
391,4
392,8
393,8
394,2
395,9
396,6
397,2
398,2
399,2
400,6
401,9
402,2
403,4
404,2
405,2
406,2
407,9
408,3
409,9
410,5
411,7
412,10
413,6
414,9
415,4
416,6
417,6
418,5
419,6
420,6
421,10
422,2
423,7
424,5
425,7
426,10
427,5
428,0
429,7
430,0
431,3
432,3
433,0
434,7
435,3
436,3
437,8
438,7
439,1
440,5
441,1
442,5
443,5
444,1
445,5
446,1
447,7
448,1
449,5
450,1
451,5
452,3
453,2
454,3
455,3
456,3
457,4
458,5
459,4
460,2
461,2
462,4
463,5
464,3
465,5
466,7
467,4
468,2
469,3
470,8
471,2
472,8
473,2
474,3
475,3
476,6
477,8
478,6
479,7
480,3
481,9
482,2
483,4
484,6
485,7
486,9
487,4
488,2
489,6
490,2
491,4
492,7
493,5
494,4
495,3
496,10
497,6
498,7
499,0
500,1
501,3
502,1
503,3
504,3
505,6
506,2
507,4
508,4
509,6
510,3
511,4
512,8
513,3
514,4
515,8
516,4
517,6
518,6
519,5
520,8
521,6
522,8
523,6
524,9
525,2
526,4
527,4
528,4
529,2
530,3
531,3
532,4
533,3
534,7
535,7
536,4
537,7
538,3
539,3
540,4
541,5
542,4
543,8
544,6
545,3
546,3
547,4
548,4
549,9
550,4
551,6
552,5
553,5
554,5
555,5
556,7
557,10
558,3
559,9
560,4
561,0
562,5
563,5
564,4
565,8
566,6
567,8
568,4
569,5
570,4
571,4
572,5
573,4
574,4
575,1
576,7
577,9
578,5
579,5
580,4
581,7
582,1
583,5
584,4
585,2
586,5
587,10
588,7
589,5
590,2
591,4
592,5
593,5
594,8
595,5
596,9
597,5
598,9
599,5
600,5
601,4
602,5
603,5
604,5
605,2
606,10
607,5
608,4
609,0
610,5
611,5
612,5
613,0
614,5
615,5
616,3
617,1
618,6
619,3
620,5
621,6
622,7
623,5
624,3
625,5
626,5
627,6
628,1
629,1
630,6
631,5
632,8
633,6
634,3
635,1
636,6
637,6
638,5
639,2
640,6
641,6
642,2
643,6
644,5
645,2
646,8
647,8
648,6
649,6
650,2
651,9
652,5
653,5
654,9
655,6
656,6
657,5
658,6
659,4
660,6
661,5
662,4
663,4
664,10
665,0
666,5
667,5
668,1
669,6
670,7
671,4
672,5
673,4
674,1
675,3
676,5
677,6
678,2
679,5
680,5
681,6
682,7
683,2
684,7
685,7
686,7
687,3
688,3
689,3
690,3
691,7
692,2
693,2
694,2
695,6
696,6
697,7
698,4
699,5
700,7
701,6
702,3
703,8
704,6
705,5
706,3
707,3
708,4
709,3
710,6
711,6
712,6
713,8
714,5
715,8
716,5
717,8
718,3
719,5
720,6
721,6
722,9
723,6
724,3
725,7
726,6
727,7
728,6
729,9
730,3
731,4
732,4
733,8
734,10
735,0
736,4
737,6
738,5
739,5
740,1
741,4
742,4
743,7
744,4
745,4
746,8
747,4
748,1
749,7
750,6
751,6
752,6
753,4
754,6
755,9
756,9
757,7
758,7
759,6
760,6
761,6
762,7
763,6
764,5
765,5
766,5
767,4
768,7
769,5
770,5
771,7
772,2
773,5
774,6
775,4
776,8
777,10
778,6
779,4
780,5
781,8
782,5
783,4
784,8
785,2
786,7
787,7
788,7
789,7
790,8
791,7
792,7
793,5
794,5
795,5
796,7
797,7
798,5
799,6
800,9
801,2
802,6
803,6
804,5
805,3
806,7
807,7
808,9
809,8
810,10
811,0
812,6
813,8
814,6
815,6
816,7
817,7
818,6
819,8
820,1
821,3
822,3
823,8
824,6
825,8
826,5
827,5
828,6
829,9
830,7
831,0
832,3
833,7
834,8
835,1
836,4
837,4
838,9
839,5
840,8
841,5
842,8
843,5
844,1
845,8
846,7
847,5
848,2
849,4
850,4
851,1
852,6
853,10
854,9
855,8
856,4
857,0
858,9
859,5
860,2
861,6
862,9
863,5
864,10
865,8
866,9
867,5
868,0
869,8
870,5
871,6
872,5
873,6
874,1
875,10
876,2
877,8
878,1
879,0
880,6
881,5
882,9
883,1
884,2
885,9
886,10
887,1
888,2
889,6
890,0
891,5
892,1
893,3
894,5
895,2
896,2
897,7
898,6
899,1
900,7
901,7
902,5
903,1
904,2
905,7
906,5
907,3
908,2
909,2
910,3
911,2
912,2
913,8
914,3
915,2
916,6
917,3
918,3
919,6
920,2
921,1
922,2
923,3
924,3
925,3
926,3
927,5
928,3
929,3
930,6
931,6
932,3
933,7
934,6
935,6
936,9
937,2
938,3
939,4
940,7
941,3
942,6
943,6
944,2
945,2
946,3
947,6
948,4
949,3
950,8
951,3
952,3
953,4
954,3
955,4
956,7
957,6
958,4
959,9
960,6
961,4
962,8
963,7
964,4
965,6
966,8
967,3
968,10
969,4
970,4
971,7
972,4
973,9
974,4
975,8
976,9
977,8
978,4
979,4
980,4
981,0
982,4
983,4
984,4
985,5
986,4
987,7
988,7
989,1
990,4
991,7
992,10
993,5
994,8
995,8
996,4
997,9
998,8
999,9
1000,6
1001,10
1002,5
1003,5
1004,4
1005,4
1006,4
1007,0
1008,6
1009,5
1010,4
1011,3
1012,5
1013,1
1014,0
1015,2
1016,5
1017,8
1018,5
1019,5
1020,1
1021,1
1022,5
1023,5
1024,5
1025,3
1026,2
1027,4
1028,7
1029,5
1030,5
1031,9
1032,5
1033,7
1034,2
1035,3
1036,5
1037,5
1038,1
1039,5
1040,7
1041,9
1042,3
1043,7
1044,4
1045,5
1046,10
1047,4
1048,1
1049,2
1050,6
1051,3
1052,5
1053,5
1054,4
1055,5
1056,5
1057,0
1058,6
1059,2
1060,6
1061,6
1062,5
1063,3
1064,2
1065,6
1066,1
1067,3
1068,2
1069,5
1070,5
1071,2
1072,2
1073,8
1074,5
1075,3
1076,5
1077,3
1078,4
1079,3
1080,3
1081,5
1082,5
1083,4
1084,1
1085,3
1086,5
1087,2
1088,5
1089,5
1090,8
1091,3
1092,5
1093,5
1094,6
1095,6
1096,4
1097,4
1098,4
1099,8
1100,6
1101,6
1102,4
1103,6
1104,9
1105,6
1106,6
1107,4
1108,6
1109,5
1110,2
1111,3
1112,9
1113,4
1114,6
1115,5
1116,5
1117,2
1118,6
1119,6
1120,3
1121,3
1122,7
1123,6
1124,5
1125,6
1126,4
1127,6
1128,6
1129,7
1130,4
1131,6
1132,10
1133,6
1134,6
1135,6
1136,0
1137,6
1138,6
1139,1
1140,4
1141,5
1142,4
1143,7
1144,1
1145,7
1146,5
1147,3
1148,5
1149,7
1150,8
1151,6
1152,2
1153,5
1154,2
1155,7
1156,7
1157,3
1158,6
1159,7
1160,4
1161,3
1162,6
1163,5
1164,5
1165,4
1166,7
1167,7
1168,4
1169,4
1170,7
1171,5
1172,6
1173,7
1174,7
1175,6
1176,7
1177,4
1178,2
1179,4
1180,3
1181,5
1182,6
1183,6
1184,3
1185,5
1186,7
1187,8
1188,5
1189,8
1190,8
1191,4
1192,5
1193,5
1194,8
1195,7
1196,8
1197,8
1198,9
1199,3
1200,9
1201,8
1202,7
1203,7
1204,8
1205,5
1206,6
1207,5
1208,3
1209,5
1210,9
1211,8
1212,10
1213,9
1214,6
1215,5
1216,4
1217,4
1218,8
1219,0
1220,7
1221,6
1222,4
1223,7
1224,1
1225,1
1226,10
1227,5
1228,0
1229,4
1230,4
1231,5
1232,9
1233,5
1234,1
1235,5
1236,5
1237,4
1238,2
1239,6
1240,8
1241,9
1242,1
1243,9
1244,2
1245,2
1246,4
1247,3
1248,5
1249,9
1250,10
1251,5
1252,6
1253,0
1254,10
1255,2
1256,5
1257,4
1258,3
1259,6
1260,3
1261,5
1262,8
1263,2
1264,1
1265,3
1266,8
1267,6
1268,8
1269,5
1270,6
1271,6
1272,4
1273,0
1274,1
1275,5
1276,1
1277,4
1278,5
1279,5
1280,5
1281,6
1282,9
1283,7
1284,6
1285,4
1286,5
1287,1
1288,2
1289,9
1290,10
1291,7
1292,2
1293,2
1294,2
1295,4
1296,6
1297,7
1298,5
1299,0
1300,7
1301,4
1302,7
1303,6
1304,3
1305,5
1306,5
1307,7
1308,7
1309,5
1310,7
1311,5
1312,8
1313,8
1314,8
1315,8
1316,6
1317,2
1318,1
1319,6
1320,3
1321,1
1322,5
1323,9
1324,2
1325,3
1326,3
1327,6
1328,8
1329,5
1330,6
1331,5
1332,8
1333,9
1334,6
1335,2
1336,6
1337,5
1338,5
1339,6
1340,3
1341,3
1342,3
1343,5
1344,9
1345,6
1346,3
1347,3
1348,4
1349,6
1350,6
1351,6
1352,2
1353,4
1354,5
1355,6
1356,4
1357,6
1358,6
1359,4
1360,4
1361,3
1362,9
1363,3
1364,4
1365,3
1366,6
1367,10
1368,2
1369,6
1370,4
1371,0
1372,5
1373,2
1374,10
1375,0
1376,4
1377,1
1378,6
1379,4
1380,4
1381,5
1382,1
1383,4
1384,4
1385,7
1386,4
1387,5
1388,7
1389,4
1390,7
1391,4
1392,7
1393,5
1394,6
1395,1
1396,1
1397,7
1398,7
1399,5
1400,7
1401,7
1402,3
1403,2
1404,5
1405,5
1406,6
1407,8
1408,8
1409,7
1410,7
1411,5
1412,5
1413,5
1414,2
1415,5
1416,8
1417,6
1418,2
1419,8
1420,2
1421,2
1422,6
1423,5
1424,5
1425,2
1426,9
1427,8
1428,8
1429,9
1430,7
1431,5
1432,9
1433,3
1434,9
1435,7
1436,10
1437,6
1438,5
1439,5
1440,7
1441,6
1442,0
1443,6
1444,6
1445,5
1446,3
1447,10
1448,6
1449,0
1450,3
1451,3
1452,5
1453,3
1454,6
1455,1
1456,5
1457,1
1458,3
1459,6
1460,8
1461,1
1462,7
1463,7
1464,8
1465,5
1466,2
1467,5
1468,3
1469,1
1470,3
1471,3
1472,2
1473,2
1474,5
1475,7
1476,7
1477,5
1478,2
1479,4
1480,4
1481,8
1482,9
1483,3
1484,6
1485,6
1486,2
1487,7
1488,4
1489,7
1490,4
1491,6
1492,4
1493,3
1494,7
1495,2
1496,4
1497,3
1498,9
1499,8
1500,4
1501,8
1502,6
1503,6
1504,3
1505,10
1506,6
1507,4
1508,3
1509,4
1510,6
1511,8
1512,6
1513,4
1514,6
1515,5
1516,6
1517,9
1518,4
1519,3
1520,5
1521,0
1522,9
1523,3
1524,10
1525,6
1526,8
1527,8
1528,5
1529,7
1530,3
1531,4
1532,3
1533,4
1534,5
1535,8
1536,5
1537,9
1538,5
1539,5
1540,6
1541,4
1542,7
1543,6
1544,3
1545,1
1546,4
1547,6
1548,5
1549,6
1550,5
1551,4
1552,4
1553,5
1554,4
1555,4
1556,5
1557,6
1558,7
1559,7
1560,7
1561,1
1562,0
1563,6
1564,7
1565,5
1566,1
1567,7
1568,4
1569,7
1570,5
1571,4
1572,8
1573,8
1574,7
1575,1
1576,7
1577,2
1578,4
1579,5
1580,6
1581,7
1582,4
1583,2
1584,4
1585,8
1586,8
1587,8
1588,9
1589,2
1590,5
1591,3
1592,4
1593,2
1594,5
1595,6
1596,5
1597,9
1598,7
1599,9
1600,8
1601,10
1602,5
1603,8
1604,5
1605,8
1606,6
1607,6
1608,0
1609,6
1610,5
1611,6
1612,7
1613,5
1614,7
1615,6
1616,5
1617,8
1618,3
1619,7
1620,5
1621,6
1622,10
1623,6
1624,7
1625,1
1626,5
1627,5
1628,6
1629,5
1630,5
1631,1
1632,0
1633,1
1634,9
1635,8
1636,3
1637,9
1638,2
1639,9
1640,3
1641,2
1642,8
1643,5
1644,5
1645,2
1646,2
1647,1
1648,8
1649,9
1650,5
1651,10
1652,6
1653,3
1654,5
1655,5
1656,6
1657,0
1658,4
1659,2
1660,2
1661,4
1662,6
1663,3
1664,3
1665,9
1666,3
1667,6
1668,6
1669,3
1670,10
1671,3
1672,1
1673,5
1674,2
1675,2
1676,3
1677,3
1678,4
1679,5
1680,4
1681,1
1682,9
1683,4
1684,10
1685,6
1686,5
1687,2
1688,6
1689,4
1690,4
1691,2
1692,6
1693,2
1694,3
1695,6
1696,7
1697,3
1698,0
1699,3
1700,4
1701,0
1702,7
1703,4
1704,3
1705,4
1706,3
1707,4
1708,3
1709,4
1710,4
1711,7
1712,4
1713,4
1714,6
1715,5
1716,6
1717,4
1718,5
1719,6
1720,5
1721,5
1722,5
1723,4
1724,5
1725,1
1726,6
1727,6
1728,5
1729,6
1730,1
1731,6
1732,6
1733,7
1734,1
1735,6
1736,4
1737,2
1738,6
1739,5
1740,5
1741,2
1742,1
1743,7
1744,2
1745,2
1746,7
1747,7
1748,5
1749,5
1750,6
1751,3
1752,5
1753,2
1754,5
1755,4
1756,7
1757,5
1758,3
1759,5
1760,7
1761,8
1762,7
1763,7
1764,3
1765,4
1766,8
1767,7
1768,7
1769,5
1770,8
1771,5
1772,5
1773,5
1774,7
1775,3
1776,6
1777,5
1778,6
1779,5
1780,8
1781,7
1782,6
1783,5
1784,8
1785,8
1786,3
1787,3
1788,6
1789,9
1790,7
1791,8
1792,6
1793,6
1794,8
1795,8
1796,9
1797,8
1798,4
1799,5
1800,9
1801,10
1802,0
1803,9
1804,1
1805,4
1806,9
1807,4
1808,8
1809,8
1810,9
1811,10
1812,0
1813,4
1814,5
1815,9
1816,6
1817,6
1818,10
1819,1
1820,2
1821,5
1822,3
1823,0
1824,5
1825,6
1826,4
1827,5
1828,5
1829,6
1830,4
1831,6
1832,6
1833,1
1834,6
1835,1
1836,2
1837,4
1838,4
1839,4
1840,7
1841,7
1842,7
1843,2
1844,2
1845,9
1846,5
1847,6
1848,6
1849,10
1850,1
1851,4
1852,3
1853,0
1854,3
1855,5
1856,3
1857,3
1858,7
1859,3
1860,6
1861,4
1862,2
1863,1
1864,3
1865,1
1866,5
1867,2
1868,7
1869,7
1870,2
1871,1
1872,6
1873,6
1874,4
1875,2
1876,6
1877,2
1878,4
1879,3
1880,5
1881,2
1882,2
1883,5
1884,4
1885,6
1886,5
1887,5
1888,7
1889,6
1890,7
1891,8
1892,7
1893,6
1894,6
1895,2
1896,3
1897,8
1898,8
1899,5
1900,3
1901,5
1902,5
1903,3
1904,3
1905,5
1906,8
1907,7
1908,8
1909,5
1910,4
1911,3
1912,9
1913,8
1914,7
1915,4
1916,4
1917,4
1918,4
1919,5
1920,7
1921,4
1922,5
1923,7
1924,9
1925,7
1926,2
1927,9
1928,3
1929,10
1930,3
1931,7
1932,5
1933,4
1934,7
1935,3
1936,6
1937,4
1938,4
1939,5
1940,5
1941,8
1942,5
1943,6
1944,5
1945,6
1946,9
1947,3
1948,3
1949,6
1950,3
1951,6
1952,6
1953,5
1954,6
1955,4
1956,8
1957,4
1958,5
1959,6
1960,8
1961,4
1962,5
1963,4
1964,10
1965,6
1966,0
1967,8
1968,8
1969,8
1970,9
1971,5
1972,9
1973,4
1974,0
1975,5
1976,7
1977,7
1978,10
1979,3
1980,9
1981,4
1982,0
1983,1
1984,5
1985,5
1986,1
1987,6
1988,4
1989,4
1990,6
1991,6
1992,9
1993,10
1994,7
1995,5
1996,1
1997,1
1998,5
1999,5
2000,2
2001,7
2002,4
2003,5
2004,4
2005,5
2006,8
2007,5
2008,6
2009,2
2010,6
2011,5
2012,5
2013,5
2014,5
2015,5
2016,1
2017,6
2018,6
2019,1
2020,2
2021,2
2022,6
2023,3
2024,5
2025,2
2026,3
2027,6
2028,8
2029,2
2030,6
2031,7
2032,6
2033,2
2034,8
2035,4
2036,6
2037,6
2038,3
2039,6
2040,3
2041,0
2042,2
2043,4
2044,7
2045,3
2046,5
2047,6
2048,6
2049,6
2050,5
2051,1
2052,5
2053,3
2054,1
2055,5
2056,7
2057,3
2058,2
2059,7
2060,3
2061,5
2062,9
2063,9
2064,3
2065,7
2066,10
2067,7
2068,8
2069,4
2070,6
2071,6
2072,6
2073,5
2074,4
2075,6
2076,8
2077,7
2078,3
2079,5
2080,0
2081,4
2082,6
2083,7
2084,4
2085,1
2086,4
2087,8
2088,7
2089,7
2090,7
2091,6
2092,6
2093,5
2094,5
2095,4
2096,4
2097,7
2098,9
2099,1
2100,6
2101,5
2102,5
2103,5
2104,7
2105,2
2106,2
2107,4
2108,6
2109,4
2110,4
2111,5
2112,2
2113,6
2114,2
2115,8
2116,8
2117,8
2118,5
2119,2
2120,9
2121,6
2122,10
2123,3
2124,0
2125,9
2126,5
2127,2
2128,6
2129,1
2130,7
2131,3
2132,7
2133,3
2134,3
2135,8
2136,5
2137,5
2138,9
2139,5
2140,3
2141,3
2142,8
2143,5
2144,5
2145,1
2146,3
2147,7
2148,3
2149,6
2150,10
2151,0
2152,6
2153,8
2154,5
2155,4
2156,7
2157,4
2158,1
2159,5
2160,9
2161,1
2162,5
2163,4
2164,2
2165,3
2166,8
2167,8
2168,9
2169,5
2170,5
2171,6
2172,6
2173,2
2174,6
2175,2
2176,4
2177,6
2178,3
2179,10
2180,4
2181,6
2182,6
2183,6
2184,4
2185,6
2186,0
2187,6
2188,1
2189,4
2190,6
2191,7
2192,7
2193,4
2194,7
2195,8
2196,6
2197,3
2198,6
2199,1
2200,8
2201,9
2202,2
2203,9
2204,5
2205,4
2206,4
2207,2
2208,8
2209,10
2210,7
2211,3
2212,8
2213,4
2214,0
2215,7
2216,6
2217,7
2218,4
2219,7
2220,2
2221,9
2222,5
2223,1
2224,1
2225,4
2226,4
2227,9
2228,3
2229,7
2230,2
2231,7
2232,5
2233,3
2234,5
2235,8
2236,5
2237,2
2238,10
2239,2
2240,3
2241,4
2242,3
2243,4
2244,4
2245,6
2246,3
2247,5
2248,7
2249,4
2250,0
2251,7
2252,3
2253,5
2254,2
2255,2
2256,4
2257,4
2258,3
2259,7
2260,5
2261,7
2262,5
2263,7
2264,3
2265,3
2266,5
2267,8
2268,8
2269,1
2270,4
2271,5
2272,7
2273,8
2274,8
2275,3
2276,5
2277,4
2278,5
2279,2
2280,8
2281,5
2282,8
2283,1
2284,8
2285,5
2286,9
2287,8
2288,9
2289,5
2290,4
2291,5
2292,9
2293,5
2294,5
2295,6
2296,2
2297,6
2298,4
2299,3
2300,5
2301,6
2302,3
2303,2
2304,2
2305,4
2306,3
2307,4
2308,5
2309,3
2310,3
2311,5
2312,10
2313,9
2314,9
2315,3
2316,9
2317,4
2318,4
2319,10
2320,6
2321,5
2322,6
2323,0
2324,0
2325,5
2326,4
2327,4
2328,10
2329,4
2330,5
2331,4
2332,0
2333,1
2334,5
2335,3
2336,1
2337,6
2338,5
2339,1
2340,4
2341,3
2342,4
2343,6
2344,6
2345,5
2346,4
2347,6
2348,1
2349,1
2350,5
2351,2
2352,2
2353,1
2354,6
2355,4
2356,5
2357,2
2358,5
2359,4
2360,5
2361,5
2362,6
2363,5
2364,2
2365,2
2366,2
2367,2
2368,3
2369,7
2370,5
2371,2
2372,4
2373,6
2374,7
2375,5
2376,6
2377,5
2378,5
2379,5
2380,2
2381,6
2382,4
2383,6
2384,6
2385,3
2386,5
2387,6
2388,3
2389,5
2390,5
2391,3
2392,6
2393,6
2394,7
2395,5
2396,6
2397,7
2398,6
2399,5
2400,3
2401,6
2402,5
2403,5
2404,7
2405,3
2406,3
2407,5
2408,6
2409,4
2410,7
2411,7
2412,7
2413,6
2414,4
2415,3
2416,5
2417,6
2418,6
2419,4
2420,3
2421,7
2422,3
2423,5
2424,8
2425,7
2426,6
2427,4
2428,6
2429,8
2430,8
2431,5
2432,5
2433,7
2434,3
2435,5
2436,4
2437,4
2438,8
2439,4
2440,6
2441,6
2442,4
2443,5
2444,9
2445,4
2446,4
2447,9
2448,5
2449,3
2450,7
2451,4
2452,5
2453,4
2454,8
2455,4
2456,6
2457,4
2458,8
2459,8
2460,6
2461,6
2462,8
2463,6
2464,5
2465,5
2466,10
2467,4
2468,7
2469,8
2470,7
2471,6
2472,9
2473,4
2474,7
2475,0
2476,6
2477,6
2478,5
2479,5
2480,6
2481,9
2482,9
2483,5
2484,5
2485,9
2486,10
2487,0
2488,0
2489,7
2490,6
2491,6
2492,6
2493,7
2494,6
2495,5
2496,6
2497,7
2498,10
2499,5
2500,6
2501,7
2502,6
2503,6
2504,7
2505,7
2506,1
2507,7
2508,7
2509,5
2510,6
2511,5
2512,7
2513,0
2514,1
2515,8
2516,1
2517,7
2518,5
2519,7
2520,5
2521,1
2522,2
2523,5
2524,7
2525,8
2526,6
2527,8
2528,7
2529,7
2530,5
2531,8
2532,8
2533,8
2534,5
2535,2
2536,7
2537,8
2538,5
2539,8
2540,2
2541,1
2542,9
2543,5
2544,9
2545,8
2546,9
2547,10
2548,7
2549,2
2550,7
2551,6
2552,0
2553,6
2554,6
2555,9
2556,5
2557,1
2558,6
2559,2
2560,8
2561,8
2562,2
2563,6
2564,10
2565,5
2566,8
2567,3
2568,2
2569,3
2570,2
2571,1
2572,6
2573,0
2574,9
2575,3
2576,9
2577,6
2578,9
2579,6
2580,5
2581,0
2582,7
2583,6
2584,8
2585,8
2586,1
2587,10
2588,2
2589,9
2590,5
2591,3
2592,8
2593,9
2594,2
2595,5
2596,9
2597,6
2598,6
2599,3
2600,6
2601,10
2602,3
2603,6
2604,7
2605,0
2606,10
2607,1
2608,7
2609,0
2610,2
2611,3
2612,4
2613,3
2614,3
2615,6
2616,1
2617,2
2618,6
2619,1
2620,1
2621,1
2622,4
2623,1
2624,4
2625,4
2626,0
2627,4
2628,2
2629,4
2630,3
2631,3
2632,0
2633,4
2634,4
2635,2
2636,3
2637,6
2638,7
2639,3
2640,2
2641,1
2642,4
2643,4
2644,6
2645,6
2646,2
2647,3
2648,5
2649,7
2650,5
2651,4
2652,3
2653,2
2654,3
2655,7
2656,7
2657,2
2658,5
2659,3
2660,1
2661,7
2662,2
2663,8
2664,2
2665,3
2666,8
2667,4
2668,4
2669,5
2670,4
2671,5
2672,2
2673,5
2674,3
2675,3
2676,8
2677,7
2678,3
2679,2
2680,7
2681,7
2682,7
2683,2
2684,8
2685,5
2686,2
2687,5
2688,9
2689,3
2690,3
2691,4
2692,3
2693,3
2694,5
2695,5
2696,3
2697,3
2698,5
2699,3
2700,5
2701,3
2702,4
2703,5
2704,8
2705,4
2706,3
2707,4
2708,5
2709,5
2710,9
2711,4
2712,4
2713,4
2714,5
2715,10
2716,8
2717,8
2718,4
2719,3
2720,6
2721,4
2722,6
2723,6
2724,8
2725,4
2726,4
2727,4
2728,4
2729,9
2730,4
2731,4
2732,6
2733,4
2734,4
2735,5
2736,8
2737,9
2738,6
2739,5
2740,4
2741,4
2742,5
2743,0
2744,9
2745,9
2746,6
2747,5
2748,5
2749,5
2750,6
2751,4
2752,4
2753,5
2754,5
2755,3
2756,5
2757,5
2758,4
2759,10
2760,5
2761,6
2762,1
2763,10
2764,6
2765,5
2766,5
2767,5
2768,0
2769,5
2770,6
2771,5
2772,1
2773,7
2774,7
2775,5
2776,7
2777,1
2778,0
2779,7
2780,5
2781,2
2782,5
2783,5
2784,6
2785,5
2786,5
2787,0
2788,5
2789,5
2790,2
2791,1
2792,2
2793,3
2794,2
2795,5
2796,8
2797,6
2798,8
2799,4
2800,5
2801,1
2802,1
2803,4
2804,6
2805,5
2806,3
2807,3
2808,3
2809,2
2810,7
2811,4
2812,7
2813,5
2814,8
2815,5
2816,5
2817,6
2818,2
2819,6
2820,7
2821,4
2822,7
2823,9
2824,5
2825,5
2826,4
2827,5
2828,6
2829,6
2830,3
2831,8
2832,6
2833,6
2834,6
2835,6
2836,4
2837,6
2838,9
2839,4
2840,2
2841,4
2842,6
2843,2
2844,4
2845,6
2846,6
2847,5
2848,3
2849,5
2850,2
2851,6
2852,6
2853,8
2854,5
2855,10
2856,3
2857,0
2858,6
2859,6
2860,5
2861,5
2862,6
2863,8
2864,6
2865,6
2866,7
2867,5
2868,1
2869,5
2870,3
2871,3
2872,6
2873,3
2874,6
2875,5
2876,1
2877,6
2878,6
2879,3
2880,3
2881,5
2882,6
2883,2
2884,5
2885,7
2886,6
2887,5
2888,5
2889,6
2890,5
2891,9
2892,6
2893,2
2894,2
2895,5
2896,7
2897,7
2898,7
2899,4
2900,6
2901,7
2902,6
2903,6
2904,7
2905,7
2906,6
2907,4
2908,6
2909,4
2910,9
2911,7
2912,7
2913,7
2914,6
2915,6
2916,7
2917,6
2918,7
2919,7
2920,7
2921,7
2922,4
2923,4
2924,6
2925,8
2926,10
2927,0
2928,4
2929,3
2930,3
2931,4
2932,6
2933,6
2934,7
2935,8
2936,3
2937,8
2938,8
2939,8
2940,0
2941,3
2942,8
2943,7
2944,7
2945,4
2946,8
2947,7
2948,7
2949,8
2950,7
2951,4
2952,9
2953,7
2954,1
2955,4
2956,4
2957,7
2958,6
2959,9
2960,8
2961,4
2962,8
2963,5
2964,9
2965,8
2966,9
2967,6
2968,9
2969,6
2970,8
2971,8
2972,10
2973,1
2974,0
2975,4
2976,9
2977,5
2978,5
2979,4
2980,10
2981,9
2982,8
2983,5
2984,10
2985,0
2986,7
2987,2
2988,0
2989,5
2990,2
2991,9
2992,10
2993,2
2994,5
2995,5
2996,8
2997,8
2998,7
2999,0
3000,8
3001,9
3002,1
3003,7
3004,1
3005,7
3006,5
3007,1
3008,5
3009,0
3010,2
3011,1
3012,8
3013,3
3014,1
3015,2
3016,5
3017,9
3018,4
3019,0
3020,3
3021,1
3022,1
3023,5
3024,5
3025,1
3026,10
3027,2
3028,2
3029,2
3030,5
3031,2
3032,8
3033,9
3034,5
3035,9
3036,5
3037,6
3038,2
3039,2
3040,2
3041,2
3042,2
3043,3
3044,3
3045,0
3046,3
3047,5
3048,1
3049,6
3050,3
3051,6
3052,3
3053,6
3054,3
3055,1
3056,5
3057,5
3058,8
3059,3
3060,6
3061,6
3062,5
3063,3
3064,6
3065,2
3066,4
3067,2
3068,3
3069,6
3070,6
3071,6
3072,10
3073,3
3074,3
3075,4
3076,6
3077,3
3078,3
3079,4
3080,3
3081,0
3082,4
3083,0
3084,4
3085,3
3086,5
3087,4
3088,8
3089,5
3090,9
3091,4
3092,3
3093,4
3094,4
3095,3
3096,2
3097,4
3098,4
3099,7
3100,4
3101,6
3102,6
3103,2
3104,1
3105,7
3106,1
3107,4
3108,5
3109,7
3110,3
3111,6
3112,4
3113,7
3114,5
3115,2
3116,7
3117,4
3118,8
3119,7
3120,5
3121,4
3122,3
3123,2
3124,5
3125,7
3126,2
3127,4
3128,4
3129,3
3130,8
3131,7
3132,4
3133,3
3134,8
3135,3
3136,3
3137,9
3138,4
3139,5
3140,8
3141,4
3142,5
3143,5
3144,4
3145,5
3146,3
3147,8
3148,9
3149,5
3150,6
3151,4
3152,10
3153,9
3154,5
3155,10
3156,3
3157,3
3158,4
3159,0
3160,4
3161,5
3162,4
3163,8
3164,5
3165,6
3166,9
3167,4
3168,5
3169,4
3170,4
3171,5
3172,5
3173,6
3174,0
3175,5
3176,9
3177,4
3178,6
3179,5
3180,7
3181,6
3182,0
3183,5
3184,1
3185,5
3186,4
3187,5
3188,4
3189,5
3190,6
3191,1
3192,6
3193,5
3194,6
3195,1
3196,1
3197,2
3198,4
3199,5
3200,6
3201,7
3202,7
3203,5
3204,5
3205,7
3206,5
3207,5
3208,4
3209,5
3210,2
3211,5
3212,5
3213,5
3214,8
3215,6
3216,2
3217,8
3218,4
3219,5
3220,2
3221,8
3222,6
3223,9
3224,10
3225,3
3226,0
3227,6
3228,3
3229,6
3230,6
3231,6
3232,5
3233,9
3234,2
3235,5
3236,10
3237,6
3238,7
3239,2
3240,0
3241,3
3242,5
3243,6
3244,3
3245,0
3246,6
3247,3
3248,3
3249,3
3250,1
3251,5
3252,5
3253,1
3254,0
3255,5
3256,4
3257,5
3258,7
3259,3
3260,6
3261,5
3262,6
3263,4
3264,5
3265,2
3266,4
3267,6
3268,6
3269,4
3270,6
3271,1
3272,2
3273,7
3274,7
3275,7
3276,7
3277,6
3278,4
3279,7
3280,6
3281,7
3282,2
3283,4
3284,4
3285,5
3286,6
3287,4
3288,3
3289,6
3290,4
3291,8
3292,1
3293,8
3294,3
3295,6
3296,5
3297,5
3298,5
3299,2
3300,6
3301,6
3302,2
3303,7
3304,7
3305,6
3306,2
3307,5
3308,5
3309,6
3310,3
3311,5
3312,3
3313,8
3314,5
3315,5
3316,5
3317,6
3318,5
3319,8
3320,5
3321,9
3322,6
3323,9
3324,7
3325,7
3326,3
3327,6
3328,8
3329,6
3330,3
3331,6
3332,6
3333,6
3334,8
3335,4
3336,6
3337,4
3338,5
3339,6
3340,6
3341,7
3342,7
3343,5
3344,8
3345,5
3346,3
3347,5
3348,5
3349,7
3350,8
3351,7
3352,7
3353,4
3354,7
3355,6
3356,4
3357,7
3358,7
3359,7
3360,8
3361,6
3362,7
3363,9
3364,6
3365,9
3366,8
3367,10
3368,9
3369,8
3370,3
3371,6
3372,0
3373,9
3374,7
3375,8
3376,9
3377,7
3378,10
3379,8
3380,9
3381,8
3382,5
3383,0
3384,5
3385,10
3386,6
3387,5
3388,8
3389,5
3390,4
3391,6
3392,8
3393,0
3394,1
3395,6
3396,4
3397,0
3398,4
3399,4
3400,8
3401,1
3402,2
3403,1
3404,10
3405,6
3406,8
3407,4
3408,1
3409,0
3410,9
3411,5
3412,1
3413,0
3414,4
3415,1
3416,9
3417,2
3418,6
3419,6
3420,7
3421,9
3422,5
3423,2
3424,5
3425,7
3426,7
3427,9
3428,7
3429,7
3430,4
3431,8
3432,5
3433,5
3434,2
3435,2
3436,7
3437,7
3438,2
3439,3
3440,5
3441,7
3442,8
3443,5
3444,6
3445,8
3446,8
3447,1
3448,6
3449,8
3450,5
3451,8
3452,2
3453,5
3454,3
3455,2
3456,10
3457,1
3458,6
3459,5
3460,9
3461,2
3462,3
3463,9
3464,10
3465,3
3466,3
3467,2
3468,3
3469,2
3470,5
3471,9
3472,3
3473,6
3474,10
3475,2
3476,3
3477,4
3478,0
3479,3
3480,0
3481,9
3482,3
3483,3
3484,0
3485,3
3486,4
3487,1
3488,4
3489,10
3490,3
3491,1
3492,1
3493,5
3494,3
3495,4
3496,3
3497,4
3498,6
3499,2
3500,0
3501,3
3502,6
3503,2
3504,1
3505,4
3506,2
3507,6
3508,4
3509,2
3510,4
3511,4
3512,6
3513,6
3514,6
3515,4
3516,4
3517,0
3518,6
3519,3
3520,0
3521,2
3522,7
3523,6
3524,2
3525,1
3526,4
3527,3
3528,1
3529,5
3530,1
3531,5
3532,5
3533,7
3534,7
3535,7
3536,3
3537,3
3538,7
3539,4
3540,7
3541,5
3542,4
3543,8
3544,4
3545,3
3546,4
3547,5
3548,3
3549,1
3550,7
3551,5
3552,3
3553,2
3554,8
3555,7
3556,5
3557,3
3558,8
3559,5
3560,5
3561,2
3562,8
3563,4
3564,2
3565,5
3566,2
3567,5
3568,5
3569,5
3570,4
3571,2
3572,5
3573,4
3574,4
3575,4
3576,8
3577,4
3578,5
3579,5
3580,9
3581,5
3582,9
3583,2
3584,3
3585,5
3586,4
3587,8
3588,5
3589,10
3590,5
3591,9
3592,5
3593,3
3594,4
3595,6
3596,6
3597,5
3598,6
3599,6
3600,3
3601,6
3602,5
3603,6
3604,9
3605,4
3606,3
3607,6
3608,5
3609,6
3610,6
3611,4
3612,6
3613,3
3614,6
3615,4
3616,4
3617,0
3618,10
3619,6
3620,3
3621,6
3622,6
3623,7
3624,6
3625,5
3626,7
3627,0
3628,6
3629,4
3630,5
3631,4
3632,3
3633,4
3634,3
3635,5
3636,6
3637,5
3638,7
3639,4
3640,5
3641,7
3642,6
3643,4
3644,6
3645,4
3646,5
3647,6
3648,5
3649,5
3650,1
3651,1
3652,5
3653,5
3654,8
3655,2
3656,5
3657,4
3658,0
3659,6
3660,5
3661,5
3662,1
3663,6
3664,1
3665,4
3666,2
3667,2
3668,2
3669,7
3670,4
3671,4
3672,6
3673,7
3674,5
3675,5
3676,7
3677,2
3678,5
3679,7
3680,7
3681,5
3682,3
3683,7
3684,5
3685,3
3686,8
3687,6
3688,5
3689,8
3690,8
3691,3
3692,8
3693,5
3694,3
3695,6
3696,9
3697,7
3698,6
3699,8
3700,5
3701,4
3702,9
3703,5
3704,4
3705,5
3706,5
3707,4
3708,6
3709,5
3710,5
3711,7
3712,5
3713,9
3714,5
3715,10
3716,5
3717,2
3718,9
3719,3
3720,5
3721,8
3722,3
3723,6
3724,3
3725,6
3726,4
3727,6
3728,6
3729,3
3730,5
3731,7
3732,5
3733,8
3734,0
3735,6
3736,7
3737,8
3738,7
3739,7
3740,4
3741,4
3742,7
3743,4
3744,6
3745,4
3746,10
3747,0
3748,6
3749,6
3750,7
3751,5
3752,7
3753,6
3754,6
3755,6
3756,5
3757,8
3758,5
3759,6
3760,1
3761,6
3762,0
3763,1
3764,8
3765,4
3766,6
3767,9
3768,6
3769,6
3770,4
3771,7
3772,6
3773,1
3774,4
3775,6
3776,8
3777,1
3778,8
3779,6
3780,6
3781,9
3782,2
3783,4
3784,8
3785,10
3786,2
3787,6
3788,5
3789,8
3790,6
3791,6
3792,5
3793,6
3794,6
3795,7
3796,5
3797,7
3798,9
3799,7
3800,2
3801,6
3802,6
3803,7
3804,7
3805,0
3806,5
3807,5
3808,5
3809,9
3810,7
3811,9
3812,7
3813,10
3814,0
3815,7
3816,1
3817,1
3818,2
3819,2
3820,7
3821,2
3822,9
3823,8
3824,2
3825,3
3826,10
3827,0
3828,3
3829,7
3830,2
3831,3
3832,8
3833,8
3834,3
3835,5
3836,2
3837,9
3838,7
3839,9
3840,5
3841,5
3842,7
3843,5
3844,7
3845,8
3846,7
3847,3
3848,7
3849,7
3850,5
3851,3
3852,8
3853,3
3854,3
3855,0
3856,3
3857,6
3858,1
3859,5
3860,8
3861,4
3862,8
3863,8
3864,8
3865,9
3866,8
3867,9
3868,4
3869,6
3870,10
3871,0
3872,1
3873,9
3874,3
3875,4
3876,9
3877,1
3878,1
3879,4
3880,5
3881,8
3882,4
3883,5
3884,10
3885,6
3886,0
3887,8
3888,4
3889,4
3890,3
3891,2
3892,1
3893,2
3894,10
3895,0
3896,2
3897,0
3898,1
3899,9
3900,3
3901,2
3902,2
3903,4
3904,2
3905,9
3906,3
3907,3
3908,4
3909,4
3910,3
3911,10
3912,3
3913,1
3914,3
3915,6
3916,1
3917,4
3918,5
3919,2
3920,6
3921,2
3922,1
3923,5
3924,3
3925,1
3926,3
3927,6
3928,4
3929,5
3930,6
3931,4
3932,4
3933,2
3934,4
3935,3
3936,4
3937,4
3938,6
3939,0
3940,1
3941,1
3942,5
3943,6
3944,4
3945,4
3946,5
3947,5
3948,4
3949,2
3950,6
3951,5
3952,2
3953,5
3954,5
3955,4
3956,6
3957,2
3958,4
3959,7
3960,2
3961,2
3962,6
3963,5
3964,5
3965,4
3966,4
3967,7
3968,5
3969,5
3970,5
3971,7
3972,3
3973,4
3974,2
3975,2
3976,3
3977,5
3978,7
3979,5
3980,5
3981,5
3982,5
3983,5
3984,5
3985,7
3986,2
3987,5
3988,2
3989,8
3990,7
3991,5
3992,5
3993,3
3994,3
3995,5
3996,3
3997,5
3998,8
3999,3
4000,8
4001,5
4002,3
4003,3
4004,3
4005,3
4006,6
4007,5
4008,3
4009,7
4010,5
4011,5
4012,4
4013,9
4014,7
4015,5
4016,6
4017,5
4018,3
4019,3
4020,9
4021,5
4022,10
4023,4
4024,5
4025,8
4026,3
4027,5
4028,3
4029,6
4030,0
4031,6
4032,4
4033,0
4034,4
4035,6
4036,4
4037,6
4038,1
4039,8
4040,4
4041,4
4042,3
4043,6
4044,4
4045,4
4046,1
4047,4
4048,4
4049,8
4050,5
4051,5
4052,4
4053,9
4054,6
4055,6
4056,4
4057,6
4058,4
4059,4
4060,5
4061,2
4062,9
4063,2
4064,4
4065,6
4066,6
4067,10
4068,5
4069,2
4070,5
4071,6
4072,0
4073,6
4074,4
4075,1
4076,6
4077,3
4078,6
4079,6
4080,6
4081,7
4082,6
4083,6
4084,5
4085,5
4086,7
4087,5
4088,6
4089,6
4090,7
4091,5
4092,4
4093,5
4094,6
4095,7
4096,1
4097,8
4098,5
4099,5
4100,7
4101,8
4102,5
4103,6
4104,6
4105,3
4106,6
4107,6
4108,6
4109,5
4110,4
4111,3
4112,7
4113,5
4114,4
4115,6
4116,6
4117,6
4118,7
4119,3
4120,6
4121,5
4122,7
4123,7
4124,5
4125,5
4126,6
4127,8
4128,7
4129,4
4130,5
4131,9
4132,7
4133,9
4134,5
4135,7
4136,2
4137,7
4138,5
4139,2
4140,10
4141,7
4142,6
4143,4
4144,7
4145,7
4146,6
4147,7
4148,6
4149,5
4150,7
4151,8
4152,7
4153,2
4154,8
4155,6
4156,6
4157,5
4158,8
4159,8
4160,6
4161,0
4162,7
4163,0
4164,6
4165,3
4166,5
4167,8
4168,8
4169,7
4170,1
4171,8
4172,3
4173,8
4174,5
4175,9
4176,8
4177,1
4178,5
4179,7
4180,7
4181,8
4182,8
4183,7
4184,8
4185,9
4186,3
4187,9
4188,9
4189,10
4190,9
4191,9
4192,5
4193,9
4194,8
4195,6
4196,0
4197,2
4198,6
4199,6
4200,4
4201,1
4202,7
4203,2
4204,6
4205,4
4206,8
4207,5
4208,10
4209,6
4210,1
4211,0
4212,6
4213,2
4214,7
4215,10
4216,4
4217,6
4218,3
4219,5
4220,7
4221,9
4222,0
4223,1
4224,2
4225,2
4226,7
4227,6
4228,8
4229,9
4230,3
4231,8
4232,6
4233,7
4234,7
4235,1
4236,10
4237,4
4238,7
4239,2
4240,5
4241,2
4242,4
4243,6
4244,0
4245,2
4246,4
4247,6
4248,6
4249,7
4250,8
4251,6
4252,3
4253,6
4254,7
4255,8
4256,9
4257,5
4258,3
4259,7
4260,3
4261,7
4262,5
4263,4
4264,3
4265,10
4266,2
4267,8
4268,3
4269,3
4270,4
4271,3
4272,4
4273,3
4274,5
4275,8
4276,3
4277,1
4278,1
4279,7
4280,0
4281,8
4282,4
4283,4
4284,4
4285,9
4286,8
4287,1
4288,4
4289,4
4290,5
4291,5
4292,3
4293,3
4294,4
4295,5
4296,4
4297,5
4298,1
4299,1
4300,8
4301,4
4302,5
4303,5
4304,8
4305,9
4306,5
4307,6
4308,4
4309,4
4310,9
4311,4
4312,5
4313,2
4314,4
4315,9
4316,9
4317,10
4318,1
4319,5
4320,6
4321,2
4322,5
4323,5
4324,2
4325,2
4326,0
4327,2
4328,5
4329,5
4330,2
4331,5
4332,9
4333,2
4334,6
4335,10
4336,3
4337,3
4338,3
4339,4
4340,5
4341,4
4342,5
4343,6
4344,6
4345,2
4346,6
4347,5
4348,1
4349,6
4350,6
4351,1
4352,2
4353,0
4354,3
4355,3
4356,5
4357,6
4358,7
4359,10
4360,5
4361,5
4362,1
4363,5
4364,5
4365,3
4366,0
4367,1
4368,7
4369,3
4370,5
4371,5
4372,6
4373,5
4374,6
4375,5
4376,1
4377,3
4378,7
4379,1
4380,3
4381,3
4382,2
4383,2
4384,6
4385,5
4386,3
4387,6
4388,7
4389,3
4390,2
4391,5
4392,4
4393,6
4394,6
4395,6
4396,4
4397,5
4398,8
4399,5
4400,4
4401,6
4402,7
4403,2
4404,7
4405,8
4406,6
4407,3
4408,2
4409,6
4410,6
4411,2
4412,3
4413,2
4414,3
4415,4
4416,6
4417,7
4418,3
4419,4
4420,2
4421,4
4422,2
4423,3
4424,7
4425,4
4426,6
4427,4
4428,4
4429,8
4430,3
4431,6
4432,6
4433,6
4434,3
4435,6
4436,6
4437,6
4438,4
4439,4
4440,6
4441,9
4442,7
4443,5
4444,8
4445,7
4446,7
4447,3
4448,9
4449,6
4450,3
4451,3
4452,4
4453,8
4454,8
4455,4
4456,7
4457,4
4458,4
4459,3
4460,3
4461,9
4462,7
4463,4
4464,9
4465,4
4466,10
4467,4
4468,4
4469,4
4470,5
4471,4
4472,0
4473,1
4474,10
4475,4
4476,4
4477,4
4478,8
4479,0
4480,5
4481,7
4482,8
4483,7
4484,7
4485,1
4486,1
4487,4
4488,5
4489,4
4490,5
4491,4
4492,4
4493,1
4494,5
4495,7
4496,7
4497,5
4498,7
4499,5
4500,5
4501,2
4502,7
4503,5
4504,8
4505,5
4506,4
4507,2
4508,2
4509,2
4510,5
4511,8
4512,5
4513,5
4514,2
4515,2
4516,9
4517,8
4518,8
4519,5
4520,8
4521,3
4522,5
4523,9
4524,8
4525,5
4526,5
4527,5
4528,5
4529,5
4530,3
4531,10
4532,9
4533,5
4534,6
4535,9
4536,6
4537,3
4538,5
4539,5
4540,6
4541,6
4542,10
4543,6
4544,4
4545,5
4546,0
4547,6
4548,5
4549,1
4550,6
4551,6
4552,5
4553,6
4554,5
4555,3
4556,0
4557,5
4558,6
4559,0
4560,5
4561,5
4562,5
4563,8
4564,5
4565,5
4566,6
4567,5
4568,5
4569,1
4570,7
4571,7
4572,7
4573,3
4574,1
4575,2
4576,1
4577,6
4578,5
4579,6
4580,3
4581,3
4582,5
4583,6
4584,6
4585,3
4586,5
4587,4
4588,9
4589,2
4590,4
4591,5
4592,6
4593,7
4594,7
4595,6
4596,7
4597,6
4598,2
4599,4
4600,5
4601,6
4602,8
4603,9
4604,7
4605,6
4606,6
4607,7
4608,2
4609,10
4610,8
4611,6
4612,7
4613,7
4614,0
4615,4
4616,1
4617,4
4618,5
4619,2
4620,1
4621,6
4622,6
4623,2
4624,3
4625,6
4626,3
4627,6
4628,6
4629,6
4630,2
4631,4
4632,8
4633,2
4634,8
4635,4
4636,3
4637,6
4638,2
4639,3
4640,8
4641,7
4642,3
4643,3
4644,5
4645,3
4646,3
4647,4
4648,3
4649,7
4650,6
4651,4
4652,7
4653,4
4654,4
4655,5
4656,6
4657,5
4658,6
4659,9
4660,6
4661,4
4662,6
4663,7
4664,3
4665,7
4666,5
4667,4
4668,6
4669,9
4670,3
4671,7
4672,7
4673,8
4674,10
4675,9
4676,7
4677,8
4678,9
4679,0
4680,6
4681,10
4682,1
4683,7
4684,8
4685,7
4686,7
4687,8
4688,8
4689,3
4690,7
4691,8
4692,4
4693,8
4694,7
4695,7
4696,5
4697,8
4698,4
4699,8
4700,8
4701,4
4702,5
4703,4
4704,9
4705,8
4706,9
4707,9
4708,5
4709,4
4710,8
4711,10
4712,4
4713,8
4714,4
4715,4
4716,5
4717,9
4718,0
4719,5
4720,1
4721,9
4722,10
4723,4
4724,5
4725,5
4726,1
4727,4
4728,0
4729,1
4730,9
4731,1
4732,1
4733,0
4734,6
4735,10
4736,4
4737,5
4738,5
4739,2
4740,9
4741,9
4742,2
4743,5
4744,2
4745,2
4746,6
4747,5
4748,5
4749,6
4750,5
4751,6
4752,6
4753,2
4754,6
4755,10
4756,2
4757,4
4758,5
4759,0
4760,2
4761,0
4762,3
4763,3
4764,3
4765,1
4766,1
4767,5
4768,5
4769,1
4770,3
4771,5
4772,2
4773,5
4774,2
4775,1
4776,5
4777,2
4778,2
4779,6
4780,5
4781,5
4782,6
4783,6
4784,6
4785,6
4786,5
4787,2
4788,5
4789,6
4790,2
4791,7
4792,6
4793,3
4794,1
4795,3
4796,3
4797,5
4798,5
4799,6
4800,2
4801,6
4802,4
4803,6
4804,3
4805,3
4806,2
4807,1
4808,6
4809,7
4810,6
4811,4
4812,7
4813,3
4814,7
4815,5
4816,3
4817,7
4818,4
4819,2
4820,2
4821,4
4822,7
4823,3
4824,3
4825,7
4826,7
4827,7
4828,2
4829,4
4830,4
4831,3
4832,3
4833,8
4834,5
4835,3
4836,3
4837,8
4838,4
4839,3
4840,5
4841,7
4842,8
4843,7
4844,4
4845,5
4846,4
4847,5
4848,4
4849,8
4850,4
4851,7
4852,6
4853,8
4854,5
4855,4
4856,5
4857,8
4858,5
4859,3
4860,6
4861,9
4862,4
4863,8
4864,3
4865,3
4866,4
4867,9
4868,8
4869,4
4870,9
4871,3
4872,3
4873,5
4874,5
4875,4
4876,9
4877,5
4878,5
4879,4
4880,10
4881,4
4882,6
4883,0
4884,6
4885,10
4886,0
4887,3
4888,5
4889,6
4890,5
4891,8
4892,4
4893,4
4894,4
4895,1
4896,6
4897,6
4898,4
4899,4
4900,6
4901,4
4902,6
4903,5
4904,4
4905,1
4906,6
4907,6
4908,5
4909,5
4910,9
4911,5
4912,9
4913,5
4914,5
4915,6
4916,4
4917,4
4918,6
4919,6
4920,10
4921,5
4922,0
4923,4
4924,4
4925,5
4926,5
4927,5
4928,5
4929,1
4930,6
4931,1
4932,4
4933,2
4934,5
4935,5
4936,1
4937,7
4938,2
4939,7
4940,6
4941,7
4942,2
4943,6
4944,7
4945,5
4946,5
4947,5
4948,6
4949,6
4950,5
4951,7
4952,5
4953,5
4954,7
4955,7
4956,6
4957,5
4958,1
4959,5
4960,5
4961,6
4962,6
4963,5
4964,2
4965,2
4966,5
4967,7
4968,2
4969,2
4970,7
4971,2
4972,2
4973,7
4974,5
4975,5
4976,6
4977,6
4978,6
4979,5
4980,8
4981,3
4982,6
4983,7
4984,6
4985,3
4986,7
4987,3
4988,5
4989,7
4990,3
4991,5
4992,5
4993,7
4994,6
4995,3
4996,6
4997,3
4998,5
4999,6
5000,8
5001,7
5002,7
5003,6
5004,8
5005,9
5006,5
5007,3
5008,8
5009,6
5010,3
5011,4
5012,6
5013,3
5014,8
5015,6
5016,9
5017,10
5018,6
5019,8
5020,3
5021,6
5022,8
5023,9
5024,0
5025,8
5026,5
5027,3
5028,6
5029,8
5030,4
5031,4
5032,9
5033,6
5034,8
5035,8
5036,6
5037,10
5038,6
5039,6
5040,0
5041,9
5042,6
5043,5
5044,9
5045,7
5046,3
5047,1
5048,6
5049,4
5050,8
5051,9
5052,7
5053,6
5054,7
5055,9
5056,4
5057,6
5058,10
5059,7
5060,10
5061,4
5062,6
5063,0
5064,4
5065,7
5066,8
5067,8
5068,8
5069,4
5070,7
5071,7
5072,4
5073,4
5074,1
5075,4
5076,4
5077,7
5078,7
5079,4
5080,1
5081,5
5082,5
5083,6
5084,7
5085,5
5086,5
5087,6
5088,1
5089,2
5090,0
5091,9
5092,1
5093,2
5094,4
5095,5
5096,1
5097,1
5098,1
5099,4
5100,7
5101,9
5102,2
5103,2
5104,2
5105,8
5106,7
5107,5
5108,7
5109,5
5110,5
5111,8
5112,2
5113,2
5114,5
5115,10
5116,5
5117,8
5118,9
5119,5
5120,2
5121,9
5122,5
5123,0
5124,3
5125,10
5126,5
5127,7
5128,2
5129,5
5130,0
5131,3
5132,2
5133,1
5134,3
5135,3
5136,8
5137,5
5138,5
5139,1
5140,3
5141,5
5142,1
5143,8
5144,3
5145,3
5146,1
5147,2
5148,2
5149,7
5150,6
5151,2
5152,2
5153,3
5154,3
5155,3
5156,7
5157,8
5158,2
5159,5
5160,5
5161,3
5162,8
5163,3
5164,2
5165,3
5166,4
5167,4
5168,6
5169,8
5170,6
5171,3
5172,6
5173,6
5174,2
5175,2
5176,6
5177,8
5178,6
5179,4
5180,3
5181,9
5182,4
5183,9
5184,9
5185,9
5186,3
5187,3
5188,6
5189,3
5190,10
5191,6
5192,0
5193,3
5194,5
5195,5
5196,4
5197,1
5198,4
5199,6
5200,6
5201,3
5202,10
5203,6
5204,1
5205,3
5206,4
5207,4
5208,4
5209,4
5210,6
5211,3
5212,4
5213,3
5214,2
5215,4
5216,5
5217,0
5218,4
5219,6
5220,6
5221,2
5222,6
5223,7
5224,2
5225,7
5226,7
5227,4
5228,4
5229,3
5230,5
5231,1
5232,3
5233,6
5234,4
5235,3
5236,4
5237,4
5238,4
5239,5
5240,4
5241,4
5242,4
5243,7
5244,1
5245,4
5246,6
5247,2
5248,4
5249,5
5250,7
5251,7
5252,4
5253,7
5254,3
5255,5
5256,5
5257,3
5258,7
5259,7
5260,7
5261,5
5262,5
5263,8
5264,5
5265,7
5266,4
5267,5
5268,8
5269,5
5270,4
5271,5
5272,8
5273,7
5274,2
5275,8
5276,8
5277,4
5278,8
5279,5
5280,4
5281,6
5282,8
5283,8
5284,9
5285,5
5286,9
5287,2
5288,5
5289,8
5290,4
5291,9
5292,9
5293,3
5294,6
5295,5
5296,3
5297,4
5298,10
5299,9
5300,5
5301,3
5302,6
5303,3
5304,5
5305,10
5306,0
5307,5
5308,5
5309,6
5310,5
5311,4
5312,5
5313,1
5314,6
5315,5
5316,5
5317,1
5318,9
5319,5
5320,5
5321,5
5322,4
5323,10
5324,0
5325,2
5326,6
5327,5
5328,4
5329,5
5330,5
5331,0
5332,4
5333,2
5334,5
5335,2
5336,3
5337,3
5338,5
5339,6
5340,3
5341,5
5342,4
5343,6
5344,7
5345,5
5346,4
5347,1
5348,5
5349,5
5350,5
5351,5
5352,3
5353,1
5354,4
5355,1
5356,4
5357,5
5358,6
5359,6
5360,7
5361,6
5362,6
5363,5
5364,1
5365,6
5366,6
5367,6
5368,2
5369,6
5370,6
5371,6
5372,2
5373,5
5374,6
5375,6
5376,5
5377,6
5378,4
5379,6
5380,5
5381,7
5382,4
5383,7
5384,7
5385,7
5386,7
5387,5
5388,7
5389,4
5390,4
5391,6
5392,5
5393,2
5394,4
5395,2
5396,4
5397,3
5398,5
5399,3
5400,6
5401,6
5402,5
5403,7
5404,7
5405,5
5406,8
5407,6
5408,6
5409,7
5410,2
5411,2
5412,8
5413,5
5414,7
5415,8
5416,3
5417,6
5418,5
5419,5
5420,8
5421,7
5422,5
5423,8
5424,5
5425,5
5426,7
5427,5
5428,5
5429,3
5430,3
5431,6
5432,7
5433,8
5434,7
5435,6
5436,4
5437,9
5438,5
5439,9
5440,6
5441,5
5442,8
5443,5
5444,5
5445,8
5446,5
5447,6
5448,10
5449,8
5450,9
5451,6
5452,4
5453,0
5454,6
5455,6
5456,6
5457,3
5458,4
5459,9
5460,4
5461,8
5462,5
5463,9
5464,6
5465,1
5466,4
5467,5
5468,6
5469,6
5470,8
5471,7
5472,6
5473,3
5474,3
5475,9
5476,7
5477,1
5478,6
5479,10
5480,0
5481,7
5482,10
5483,7
5484,5
5485,5
5486,6
5487,0
5488,6
5489,8
5490,6
5491,8
5492,8
5493,8
5494,9
5495,9
5496,9
5497,5
5498,1
5499,10
5500,4
5501,6
5502,6
5503,0
5504,6
5505,9
5506,10
5507,6
5508,6
5509,4
5510,1
5511,0
5512,1
5513,6
5514,4
5515,2
5516,4
5517,1
5518,7
5519,2
5520,2
5521,1
5522,4
5523,6
5524,7
5525,5
5526,1
5527,2
5528,5
5529,1
5530,5
5531,6
5532,7
5533,5
5534,7
5535,2
5536,7
5537,1
5538,7
5539,2
5540,7
5541,2
5542,2
5543,3
5544,5
5545,7
5546,5
5547,2
5548,6
5549,8
5550,2
5551,3
5552,8
5553,2
5554,2
5555,7
5556,3
5557,8
5558,7
5559,5
5560,3
5561,3
5562,4
5563,3
5564,5
5565,8
5566,4
5567,4
5568,6
5569,2
5570,5
5571,8
5572,7
5573,2
5574,7
5575,9
5576,7
5577,7
5578,6
5579,9
5580,3
5581,10
5582,7
5583,6
5584,2
5585,8
5586,7
5587,8
5588,3
5589,8
5590,3
5591,3
5592,0
5593,3
5594,3
5595,3
5596,6
5597,4
5598,4
5599,8
5600,5
5601,6
5602,8
5603,3
5604,3
5605,5
5606,3
5607,5
5608,3
5609,8
5610,9
5611,4
5612,6
5613,1
5614,4
5615,6
5616,4
5617,9
5618,8
5619,1
5620,5
5621,3
5622,3
5623,9
5624,7
5625,5
5626,5
5627,2
5628,2
5629,10
5630,0
5631,4
5632,1
5633,4
5634,9
5635,4
5636,4
5637,10
5638,0
5639,2
5640,1
5641,1
5642,3
5643,5
5644,4
5645,2
5646,5
5647,4
5648,5
5649,4
5650,6
5651,5
5652,9
5653,7
5654,6
5655,4
5656,9
5657,1
5658,2
5659,2
5660,4
5661,6
5662,3
5663,6
5664,4
5665,3
5666,2
5667,7
5668,4
5669,2
5670,4
5671,3
5672,4
5673,7
5674,3
5675,5
5676,6
5677,3
5678,4
5679,5
5680,4
5681,5
5682,10
5683,3
5684,3
5685,6
5686,6
5687,5
5688,3
5689,4
5690,2
5691,6
5692,0
5693,4
5694,3
5695,4
5696,8
5697,6
5698,4
5699,5
5700,3
5701,1
5702,5
5703,1
5704,8
5705,6
5706,8
5707,3
5708,6
5709,4
5710,5
5711,2
5712,2
5713,2
5714,5
5715,6
5716,5
5717,3
5718,9
5719,6
5720,5
5721,3
5722,3
5723,3
5724,5
5725,3
5726,4
5727,5
5728,7
5729,4
5730,7
5731,4
5732,6
5733,7
5734,5
5735,4
5736,6
5737,7
5738,5
5739,6
5740,4
5741,6
5742,5
5743,5
5744,5
5745,7
5746,4
5747,4
5748,5
5749,5
5750,4
5751,4
5752,4
5753,4
5754,5
5755,4
5756,9
5757,5
5758,10
5759,4
5760,6
5761,4
5762,5
5763,5
5764,5
5765,5
5766,5
5767,7
5768,0
5769,1
5770,7
5771,7
5772,5
5773,1
5774,5
5775,6
5776,8
5777,6
5778,2
5779,8
5780,8
5781,5
5782,4
5783,8
5784,9
5785,4
5786,4
5787,6
5788,7
5789,2
5790,6
5791,5
5792,5
5793,5
5794,5
5795,2
5796,5
5797,7
5798,5
5799,5
5800,6
5801,5
5802,8
5803,9
5804,6
5805,5
5806,10
5807,6
5808,5
5809,7
5810,5
5811,7
5812,6
5813,6
5814,6
5815,3
5816,6
5817,6
5818,3
5819,5
5820,0
5821,3
5822,5
5823,7
5824,7
5825,5
5826,8
5827,5
5828,6
5829,7
5830,6
5831,6
5832,9
5833,7
5834,6
5835,5
5836,6
5837,5
5838,3
5839,4
5840,8
5841,4
5842,8
5843,6
5844,6
5845,4
5846,6
5847,6
5848,8
5849,1
5850,7
5851,5
5852,4
5853,5
5854,6
5855,7
5856,9
5857,6
5858,7
5859,7
5860,6
5861,5
5862,8
5863,9
5864,10
5865,4
5866,5
5867,0
5868,9
5869,10
5870,1
5871,2
5872,0
5873,5
5874,8
5875,1
5876,2
5877,5
5878,6
5879,8
5880,5
5881,2
5882,8
5883,6
5884,3
5885,6
5886,6
5887,1
5888,6
5889,3
5890,8
5891,6
5892,5
5893,5
5894,1
5895,5
5896,8
5897,6
5898,2
5899,2
5900,7
5901,1
5902,7
5903,9
5904,2
5905,6
5906,7
5907,3
5908,7
5909,7
5910,7
5911,6
5912,2
5913,2
5914,7
5915,3
5916,9
5917,5
5918,7
5919,9
5920,2
5921,10
5922,5
5923,0
5924,7
5925,6
5926,1
5927,3
5928,7
5929,3
5930,7
5931,9
5932,3
5933,1
5934,2
5935,2
5936,6
5937,8
5938,6
5939,2
5940,7
5941,6
5942,3
5943,6
5944,8
5945,10
5946,3
5947,8
5948,0
5949,6
5950,6
5951,8
5952,3
5953,3
5954,8
5955,4
5956,7
5957,3
5958,7
5959,8
5960,8
5961,8
5962,4
5963,4
5964,4
5965,3
5966,9
5967,4
5968,8
5969,6
5970,9
5971,3
5972,5
5973,4
5974,9
5975,5
5976,7
5977,3
5978,9
5979,9
5980,7
5981,9
5982,5
5983,6
5984,3
5985,4
5986,10
5987,4
5988,4
5989,7
5990,4
5991,8
5992,0
5993,10
5994,4
5995,5
5996,5
5997,5
5998,1
5999,5
6000,8
6001,0
6002,5
6003,5
6004,1
6005,5
6006,10
6007,4
6008,8
6009,7
6010,9
6011,1
6012,4
6013,5
6014,4
6015,4
6016,7
6017,1
6018,4
6019,5
6020,2
6021,6
6022,1
6023,0
6024,6
6025,6
6026,6
6027,1
6028,2
6029,6
6030,2
6031,6
6032,5
6033,1
6034,6
6035,5
6036,1
6037,5
6038,9
6039,2
6040,2
6041,2
6042,4
6043,6
6044,2
6045,4
6046,2
6047,5
6048,6
6049,7
6050,3
6051,6
6052,10
6053,5
6054,2
6055,2
6056,0
6057,2
6058,7
6059,7
6060,3
6061,5
6062,4
6063,2
6064,3
6065,3
6066,3
6067,8
6068,3
6069,6
6070,5
6071,7
6072,3
6073,6
6074,3
6075,3
6076,4
6077,1
6078,3
6079,6
6080,5
6081,5
6082,7
6083,6
6084,5
6085,6
6086,6
6087,3
6088,4
6089,5
6090,8
6091,4
6092,5
6093,3
6094,6
6095,5
6096,6
6097,7
6098,7
6099,4
6100,4
6101,8
6102,3
6103,5
6104,9
6105,3
6106,7
6107,3
6108,1
6109,5
6110,4
6111,5
6112,7
6113,3
6114,5
6115,4
6116,2
6117,5
6118,9
6119,10
6120,0
6121,5
6122,7
6123,2
6124,6
6125,8
6126,2
6127,4
6128,4
6129,4
6130,5
6131,6
6132,4
6133,4
6134,4
6135,6
6136,8
6137,3
6138,1
6139,1
6140,7
6141,4
6142,4
6143,6
6144,7
6145,2
6146,6
6147,5
6148,4
6149,4
6150,7
6151,4
6152,8
6153,8
6154,8
6155,8
6156,8
6157,6
6158,5
6159,5
6160,3
6161,5
6162,3
6163,2
6164,9
6165,8
6166,2
6167,9
6168,3
6169,5
6170,8
6171,4
6172,9
6173,4
6174,5
6175,5
6176,5
6177,4
6178,5
6179,6
6180,4
6181,5
6182,5
6183,5
6184,9
6185,9
6186,6
6187,6
6188,5
6189,6
6190,5
6191,10
6192,5
6193,10
6194,3
6195,0
6196,6
6197,5
6198,5
6199,6
6200,3
6201,6
6202,9
6203,1
6204,5
6205,5
6206,5
6207,10
6208,0
6209,1
6210,5
6211,6
6212,2
6213,4
6214,2
6215,5
6216,5
6217,6
6218,5
6219,2
6220,7
6221,3
6222,3
6223,6
6224,5
6225,4
6226,1
6227,0
6228,5
6229,1
6230,6
6231,2
6232,2
6233,3
6234,1
6235,6
6236,7
6237,2
6238,3
6239,3
6240,3
6241,4
6242,1
6243,5
6244,6
6245,6
6246,6
6247,6
6248,7
6249,7
6250,4
6251,6
6252,7
6253,4
6254,3
6255,4
6256,4
6257,7
6258,4
6259,3
6260,3
6261,6
6262,7
6263,3
6264,6
6265,7
6266,8
6267,6
6268,6
6269,2
6270,5
6271,4
6272,6
6273,4
6274,4
6275,4
6276,8
6277,5
6278,7
6279,4
6280,6
6281,6
6282,2
6283,6
6284,4
6285,7
6286,4
6287,2
6288,4
6289,6
6290,3
6291,4
6292,5
6293,4
6294,6
6295,7
6296,7
6297,5
6298,6
6299,5
6300,5
6301,3
6302,3
6303,7
6304,6
6305,8
6306,5
6307,5
6308,4
6309,7
6310,5
6311,7
6312,5
6313,7
6314,8
6315,6
6316,7
6317,8
6318,5
6319,3
6320,5
6321,5
6322,5
6323,5
6324,4
6325,8
6326,5
6327,8
6328,5
6329,4
6330,6
6331,5
6332,7
6333,5
6334,7
6335,7
6336,5
6337,8
6338,9
6339,5
6340,5
6341,5
6342,5
6343,4
6344,5
6345,7
6346,6
6347,8
6348,8
6349,5
6350,7
6351,4
6352,5
6353,6
6354,8
6355,5
6356,7
6357,6
6358,8
6359,6
6360,8
6361,6
6362,9
6363,9
6364,6
6365,9
6366,6
6367,6
6368,5
6369,10
6370,8
6371,7
6372,6
6373,9
6374,7
6375,8
6376,10
6377,6
6378,8
6379,6
6380,0
6381,6
6382,6
6383,8
6384,7
6385,7
6386,6
6387,7
6388,9
6389,0
6390,1
6391,7
6392,6
6393,1
6394,7
6395,8
6396,8
6397,8
6398,9
6399,6
6400,8
6401,9
6402,1
6403,1
6404,9
6405,7
6406,10
6407,4
6408,10
6409,9
6410,5
6411,7
6412,5
6413,9
6414,2
6415,2
6416,5
6417,0
6418,2
6419,1
6420,3
6421,9
6422,2
6423,9
6424,0
6425,1
6426,3
6427,8
6428,3
6429,9
6430,6
6431,10
6432,0
6433,1
6434,6
6435,10
6436,2
6437,8
6438,7
6439,2
6440,0
6441,7
6442,1
6443,2
6444,7
6445,10
6446,2
6447,5
6448,3
6449,2
6450,2
6451,0
6452,1
6453,7
6454,8
6455,5
6456,5
6457,9
6458,3
6459,3
6460,6
6461,3
6462,3
6463,1
6464,9
6465,1
6466,3
6467,1
6468,2
6469,1
6470,4
6471,2
6472,10
6473,2
6474,2
6475,5
6476,1
6477,2
6478,4
6479,8
6480,3
6481,4
6482,4
6483,2
6484,0
6485,3
6486,4
6487,3
6488,8
6489,1
6490,2
6491,2
6492,4
6493,3
6494,4
6495,4
6496,4
6497,3
6498,5
6499,3
6500,6
6501,6
6502,2
6503,1
6504,2
6505,2
6506,4
6507,6
6508,5
6509,6
6510,5
6511,3
6512,3
6513,6
6514,7
6515,5
6516,3
6517,3
6518,8
6519,3
6520,5
6521,3
6522,2
6523,4
6524,2
6525,3
6526,3
6527,9
6528,3
6529,3
6530,4
6531,7
6532,3
6533,4
6534,9
6535,4
6536,3
6537,5
6538,5
6539,4
6540,10
6541,5
6542,7
6543,7
6544,4
6545,0
6546,3
6547,4
6548,4
6549,4
6550,1
6551,4
6552,4
6553,4
6554,4
6555,1
6556,4
6557,4
6558,4
6559,4
6560,4
6561,4
6562,5
6563,4
6564,6
6565,2
6566,4
6567,8
6568,5
6569,4
6570,5
6571,5
6572,5
6573,5
6574,6
6575,8
6576,6
6577,4
6578,6
6579,5
6580,4
6581,4
6582,5
6583,8
6584,6
6585,9
6586,3
6587,5
6588,5
6589,5
6590,5
6591,9
6592,5
6593,3
6594,2
6595,5
6596,5
6597,5
6598,5
6599,10
6600,5
6601,5
6602,6
6603,5
6604,5
6605,0
6606,5
6607,2
6608,7
6609,5
6610,5
6611,5
6612,5
6613,5
6614,5
6615,2
6616,6
6617,3
6618,1
6619,5
6620,6
6621,3
6622,5
6623,5
6624,6
6625,6
6626,6
6627,1
6628,5
6629,6
6630,6
6631,6
6632,5
6633,6
6634,6
6635,3
6636,5
6637,3
6638,6
6639,6
6640,2
6641,6
6642,5
6643,3
6644,4
6645,5
6646,6
6647,6
6648,2
6649,3
6650,6
6651,7
6652,4
6653,6
6654,7
6655,7
6656,6
6657,6
6658,7
6659,7
6660,7
6661,5
6662,2
6663,6
6664,3
6665,4
6666,5
6667,6
6668,7
6669,7
6670,5
6671,6
6672,6
6673,6
6674,8
6675,6
6676,6
6677,7
6678,4
6679,5
6680,5
6681,3
6682,6
6683,6
6684,7
6685,8
6686,8
6687,6
6688,7
6689,7
6690,6
6691,6
6692,4
6693,4
6694,6
6695,7
6696,4
6697,6
6698,7
6699,3
6700,6
6701,6
6702,5
6703,8
6704,8
6705,3
6706,7
6707,7
6708,6
6709,6
6710,8
6711,8
6712,6
6713,7
6714,5
6715,6
6716,7
6717,8
6718,8
6719,6
6720,7
6721,7
6722,6
6723,5
6724,9
6725,5
6726,9
6727,7
6728,4
6729,9
6730,7
6731,4
6732,7
6733,9
6734,7
6735,4
6736,7
6737,8
6738,9
6739,7
6740,7
6741,10
6742,4
6743,5
6744,5
6745,5
6746,9
6747,4
6748,10
6749,0
6750,8
6751,8
6752,7
6753,8
6754,1
6755,10
6756,8
6757,0
6758,8
6759,0
6760,7
6761,8
6762,8
6763,8
6764,1
6765,4
6766,8
6767,8
6768,1
6769,1
6770,6
6771,4
6772,9
6773,4
6774,9
6775,5
6776,2
6777,5
6778,5
6779,2
6780,7
6781,5
6782,9
6783,10
6784,8
6785,1
6786,2
6787,9
6788,6
6789,0
6790,5
6791,2
6792,9
6793,10
6794,1
6795,2
6796,6
6797,5
6798,0
6799,2
6800,1
6801,1
6802,6
6803,2
6804,5
6805,2
6806,3
6807,7
6808,5
6809,3
6810,9
6811,9
6812,9
6813,2
6814,6
6815,1
6816,2
6817,10
6818,8
6819,3
6820,8
6821,5
6822,8
6823,3
6824,9
6825,9
6826,2
6827,6
6828,3
6829,10
6830,5
6831,0
6832,2
6833,3
6834,3
6835,10
6836,1
6837,4
6838,5
6839,0
6840,0
6841,4
6842,3
6843,3
6844,1
6845,5
6846,3
6847,3
6848,1
6849,2
6850,2
6851,3
6852,6
6853,4
6854,4
6855,2
6856,3
6857,7
6858,3
6859,3
6860,7
6861,4
6862,4
6863,1
6864,3
6865,5
6866,2
6867,5
6868,5
6869,1
6870,3
6871,6
6872,7
6873,1
6874,6
6875,6
6876,7
6877,4
6878,2
6879,2
6880,3
6881,8
6882,1
6883,2
6884,2
6885,6
6886,2
6887,4
6888,6
6889,8
6890,6
6891,2
6892,7
6893,3
6894,6
6895,5
6896,3
6897,8
6898,4
6899,7
6900,3
6901,4
6902,3
6903,3
6904,3
6905,7
6906,5
6907,4
6908,4
6909,3
6910,4
6911,4
6912,7
6913,3
6914,8
6915,4
6916,5
6917,5
6918,4
6919,5
6920,3
6921,2
6922,8
6923,4
6924,9
6925,3
6926,4
6927,6
6928,5
6929,4
6930,8
6931,4
6932,5
6933,6
6934,4
6935,9
6936,5
6937,4
6938,5
6939,5
6940,6
6941,4
6942,6
6943,9
6944,7
6945,5
6946,5
6947,5
6948,4
6949,2
6950,4
6951,5
6952,4
6953,9
6954,5
6955,10
6956,5
6957,0
6958,4
6959,5
6960,6
6961,4
6962,3
6963,5
6964,5
6965,5
6966,6
6967,1
6968,3
6969,7
6970,5
6971,6
6972,5
6973,4
6974,3
6975,5
6976,5
6977,3
6978,4
6979,1
6980,2
6981,10
6982,4
6983,6
6984,0
6985,6
6986,5
6987,4
6988,5
6989,5
6990,4
6991,4
6992,4
6993,5
6994,5
6995,5
6996,1
6997,5
6998,5
6999,5
7000,6
7001,6
7002,5
7003,2
7004,7
7005,5
7006,5
7007,7
7008,1
7009,5
7010,4
7011,5
7012,8
7013,5
7014,6
7015,2
7016,2
7017,2
7018,4
7019,3
7020,6
7021,5
7022,3
7023,4
7024,7
7025,2
7026,6
7027,8
7028,8
7029,6
7030,5
7031,5
7032,4
7033,9
7034,9
7035,6
7036,7
7037,3
7038,4
7039,6
7040,7
7041,3
7042,6
7043,5
7044,3
7045,7
7046,6
7047,5
7048,8
7049,6
7050,4
7051,5
7052,6
7053,6
7054,3
7055,8
7056,6
7057,3
7058,6
7059,8
7060,10
7061,9
7062,9
7063,6
7064,6
7065,6
7066,3
7067,4
7068,6
7069,4
7070,5
7071,6
7072,4
7073,5
7074,6
7075,4
7076,6
7077,10
7078,5
7079,7
7080,7
7081,5
7082,6
7083,6
7084,7
7085,7
7086,7
7087,7
7088,7
7089,7
7090,0
7091,4
7092,5
7093,0
7094,4
7095,6
7096,6
7097,7
7098,7
7099,7
7100,8
7101,5
7102,6
7103,8
7104,8
7105,1
7106,7
7107,5
7108,4
7109,5
7110,6
7111,7
7112,1
7113,6
7114,5
7115,5
7116,6
7117,6
7118,8
7119,8
7120,6
7121,1
7122,8
7123,6
7124,7
7125,2
7126,8
7127,6
7128,7
7129,5
7130,9
7131,7
7132,2
7133,7
7134,5
7135,7
7136,9
7137,9
7138,5
7139,1
7140,7
7141,2
7142,8
7143,9
7144,5
7145,5
7146,2
7147,7
7148,8
7149,8
7150,6
7151,2
7152,8
7153,2
7154,6
7155,6
7156,8
7157,4
7158,9
7159,5
7160,9
7161,10
7162,4
7163,8
7164,10
7165,0
7166,3
7167,0
7168,3
7169,9
7170,1
7171,5
7172,1
7173,3
7174,9
7175,6
7176,6
7177,7
7178,3
7179,3
7180,3
7181,2
7182,1
7183,5
7184,10
7185,7
7186,5
7187,3
7188,3
7189,1
7190,4
7191,2
7192,8
7193,2
7194,4
7195,8
7196,6
7197,4
7198,0
7199,6
7200,5
7201,3
7202,10
7203,9
7204,6
7205,4
7206,6
7207,6
7208,7
7209,5
7210,9
7211,6
7212,5
7213,1
7214,4
7215,7
7216,1
7217,3
7218,8
7219,6
7220,5
7221,4
7222,3
7223,0
7224,6
7225,5
7226,3
7227,2
7228,5
7229,7
7230,2
7231,2
7232,10
7233,4
7234,5
7235,5
7236,4
7237,2
7238,4
7239,0
7240,6
7241,6
7242,1
7243,4
7244,1
7245,3
7246,5
7247,6
7248,7
7249,6
7250,4
7251,3
7252,3
7253,8
7254,7
7255,1
7256,7
7257,6
7258,8
7259,2
7260,3
7261,5
7262,7
7263,6
7264,7
7265,4
7266,2
7267,4
7268,4
7269,5
7270,4
7271,4
7272,6
7273,4
7274,7
7275,1
7276,4
7277,4
7278,2
7279,8
7280,2
7281,5
7282,3
7283,9
7284,2
7285,3
7286,2
7287,3
7288,2
7289,6
7290,7
7291,5
7292,5
7293,4
7294,3
7295,8
7296,2
7297,3
7298,6
7299,5
7300,3
7301,3
7302,5
7303,8
7304,8
7305,6
7306,5
7307,5
7308,3
7309,5
7310,7
7311,5
7312,5
7313,5
7314,7
7315,5
7316,4
7317,3
7318,4
7319,5
7320,4
7321,7
7322,8
7323,3
7324,6
7325,5
7326,6
7327,7
7328,5
7329,5
7330,3
7331,4
7332,3
7333,5
7334,4
7335,5
7336,9
7337,4
7338,5
7339,4
7340,9
7341,6
7342,6
7343,10
7344,8
7345,4
7346,4
7347,4
7348,8
7349,0
7350,4
7351,6
7352,8
7353,9
7354,6
7355,1
7356,1
7357,4
7358,2
7359,6
7360,10
7361,6
7362,5
7363,8
7364,9
7365,6
7366,6
7367,4
7368,6
7369,4
7370,0
7371,1
7372,5
7373,2
7374,9
7375,5
7376,9
7377,5
7378,2
7379,4
7380,5
7381,7
7382,9
7383,10
7384,6
7385,7
7386,3
7387,0
7388,6
7389,6
7390,5
7391,5
7392,10
7393,0
7394,1
7395,6
7396,7
7397,1
7398,1
7399,5
7400,5
7401,5
7402,3
7403,7
7404,5
7405,2
7406,1
7407,2
7408,1
7409,3
7410,3
7411,4
7412,6
7413,7
7414,7
7415,2
7416,2
7417,4
7418,8
7419,5
7420,6
7421,7
7422,8
7423,2
7424,7
7425,5
7426,4
7427,2
7428,7
7429,4
7430,2
7431,8
7432,6
7433,5
7434,6
7435,3
7436,2
7437,6
7438,3
7439,5
7440,3
7441,3
7442,2
7443,6
7444,6
7445,5
7446,5
7447,4
7448,7
7449,6
7450,6
7451,9
7452,3
7453,3
7454,7
7455,9
7456,3
7457,5
7458,10
7459,3
7460,0
7461,5
7462,7
7463,7
7464,6
7465,8
7466,4
7467,5
7468,8
7469,3
7470,3
7471,8
7472,6
7473,6
7474,5
7475,5
7476,5
7477,9
7478,3
7479,5
7480,1
7481,5
7482,5
7483,9
7484,6
7485,5
7486,1
7487,10
7488,2
7489,3
7490,0
7491,4
7492,6
7493,6
7494,1
7495,5
7496,2
7497,1
7498,5
7499,7
7500,5
7501,4
7502,6
7503,4
7504,7
7505,2
7506,4
7507,8
7508,4
7509,7
7510,4
7511,4
7512,3
7513,7
7514,6
7515,4
7516,2
7517,6
7518,4
7519,5
7520,2
7521,5
7522,6
7523,6
7524,5
7525,6
7526,2
7527,6
7528,3
7529,4
7530,4
7531,4
7532,6
7533,8
7534,6
7535,3
7536,6
7537,3
7538,7
7539,8
7540,7
7541,8
7542,5
7543,3
7544,4
7545,7
7546,8
7547,7
7548,7
7549,4
7550,9
7551,4
7552,4
7553,7
7554,5
7555,5
7556,5
7557,4
7558,8
7559,5
7560,4
7561,7
7562,5
7563,4
7564,5
7565,6
7566,8
7567,6
7568,9
7569,7
7570,9
7571,5
7572,7
7573,3
7574,5
7575,7
7576,10
7577,5
7578,9
7579,8
7580,5
7581,5
7582,10
7583,5
7584,5
7585,0
7586,5
7587,1
7588,6
7589,1
7590,5
7591,0
7592,8
7593,2
7594,6
7595,7
7596,6
7597,5
7598,0
7599,2
7600,1
7601,8
7602,2
7603,5
7604,5
7605,1
7606,3
7607,3
7608,3
7609,3
7610,5
7611,8
7612,6
7613,6
7614,3
7615,3
7616,2
7617,4
7618,7
7619,6
7620,6
7621,6
7622,6
7623,4
7624,4
7625,9
7626,5
7627,4
7628,5
7629,6
7630,6
7631,2
7632,2
7633,8
7634,9
7635,8
7636,3
7637,10
7638,5
7639,6
7640,5
7641,3
7642,9
7643,6
7644,7
7645,8
7646,8
7647,9
7648,7
7649,7
7650,3
7651,10
7652,0
7653,6
7654,0
7655,7
7656,7
7657,6
7658,6
7659,7
7660,8
7661,0
7662,7
7663,9
7664,6
7665,8
7666,9
7667,0
7668,1
7669,6
7670,8
7671,3
7672,4
7673,4
7674,8
7675,5
7676,8
7677,1
7678,6
7679,7
7680,1
7681,8
7682,5
7683,9
7684,9
7685,4
7686,7
7687,7
7688,6
7689,4
7690,4
7691,10
7692,6
7693,7
7694,9
7695,6
7696,1
7697,6
7698,4
7699,10
7700,9
7701,0
7702,2
7703,2
7704,2
7705,8
7706,6
7707,2
7708,4
7709,4
7710,0
7711,3
7712,4
7713,4
7714,1
7715,5
7716,8
7717,1
7718,8
7719,2
7720,5
7721,6
7722,4
7723,2
7724,3
7725,3
7726,1
7727,10
7728,3
7729,5
7730,5
7731,3
7732,5
7733,0
7734,1
7735,5
7736,3
7737,3
7738,6
7739,5
7740,5
7741,3
7742,4
7743,2
7744,6
7745,1
7746,5
7747,7
7748,9
7749,5
7750,7
7751,4
7752,4
7753,7
7754,5
7755,2
7756,6
7757,7
7758,4
7759,2
7760,5
7761,4
7762,1
7763,5
7764,4
7765,5
7766,4
7767,5
7768,2
7769,9
7770,4
7771,5
7772,7
7773,7
7774,4
7775,6
7776,7
7777,4
7778,10
7779,2
7780,2
7781,0
7782,1
7783,7
7784,1
7785,5
7786,2
7787,8
7788,8
7789,2
7790,2
7791,2
7792,5
7793,2
7794,8
7795,5
7796,3
7797,6
7798,5
7799,8
7800,2
7801,3
7802,8
7803,6
7804,6
7805,9
7806,8
7807,3
7808,9
7809,6
7810,9
7811,3
7812,3
7813,3
7814,3
7815,3
7816,3
7817,5
7818,3
7819,6
7820,6
7821,5
7822,9
7823,7
7824,6
7825,10
7826,7
7827,5
7828,5
7829,5
7830,5
7831,6
7832,0
7833,10
7834,5
7835,3
7836,3
7837,4
7838,6
7839,0
7840,5
7841,6
7842,3
7843,0
7844,6
7845,6
7846,7
7847,0
7848,3
7849,5
7850,5
7851,3
7852,6
7853,7
7854,4
7855,6
7856,8
7857,1
7858,4
7859,4
7860,4
7861,7
7862,6
7863,8
7864,5
7865,4
7866,7
7867,4
7868,6
7869,1
7870,2
7871,1
7872,6
7873,4
7874,5
7875,6
7876,2
7877,5
7878,5
7879,5
7880,4
7881,7
7882,4
7883,6
7884,7
7885,4
7886,6
7887,8
7888,6
7889,6
7890,5
7891,3
7892,6
7893,5
7894,1
7895,7
7896,5
7897,4
7898,4
7899,2
7900,3
7901,5
7902,4
7903,4
7904,7
7905,7
7906,7
7907,4
7908,2
7909,5
7910,2
7911,5
7912,4
7913,3
7914,3
7915,7
7916,8
7917,8
7918,4
7919,6
7920,5
7921,8
7922,4
7923,3
7924,4
7925,5
7926,8
7927,2
7928,9
7929,6
7930,7
7931,4
7932,5
7933,5
7934,8
7935,5
7936,4
7937,5
7938,7
7939,8
7940,9
7941,9
7942,5
7943,4
7944,4
7945,6
7946,9
7947,6
7948,5
7949,5
7950,3
7951,10
7952,3
7953,5
7954,6
7955,5
7956,3
7957,5
7958,6
7959,5
7960,6
7961,5
7962,6
7963,3
7964,4
7965,5
7966,7
7967,4
7968,0
7969,5
7970,5
7971,1
7972,5
7973,5
7974,8
7975,5
7976,9
7977,6
7978,5
7979,8
7980,1
7981,10
7982,4
7983,6
7984,6
7985,4
7986,2
7987,0
7988,5
7989,5
7990,6
7991,1
7992,4
7993,9
7994,6
7995,10
7996,5
7997,2
7998,2
7999,5
8000,5
8001,8
8002,0
8003,6
8004,6
8005,0
8006,4
8007,7
8008,6
8009,5
8010,5
8011,1
8012,6
8013,7
8014,9
8015,9
8016,7
8017,7
8018,1
8019,5
8020,7
8021,7
8022,10
8023,1
8024,2
8025,6
8026,0
8027,7
8028,5
8029,0
8030,2
8031,6
8032,6
8033,8
8034,8
8035,6
8036,2
8037,2
8038,2
8039,6
8040,7
8041,6
8042,6
8043,6
8044,3
8045,6
8046,3
8047,8
8048,6
8049,7
8050,5
8051,8
8052,9
8053,6
8054,6
8055,5
8056,6
8057,6
8058,3
8059,7
8060,5
8061,2
8062,6
8063,8
8064,3
8065,3
8066,6
8067,9
8068,8
8069,7
8070,6
8071,9
8072,6
8073,7
8074,5
8075,3
8076,7
8077,3
8078,3
8079,7
8080,1
8081,3
8082,10
8083,9
8084,3
8085,4
8086,6
8087,0
8088,10
8089,7
8090,4
8091,0
8092,1
8093,2
8094,1
8095,7
8096,0
8097,2
8098,3
8099,7
8100,1
8101,1
8102,1
8103,3
8104,7
8105,7
8106,5
8107,2
8108,4
8109,8
8110,2
8111,4
8112,8
8113,7
8114,7
8115,5
8116,7
8117,8
8118,4
8119,8
8120,3
8121,4
8122,2
8123,8
8124,4
8125,2
8126,2
8127,6
8128,7
8129,6
8130,8
8131,4
8132,4
8133,6
8134,9
8135,2
8136,7
8137,3
8138,6
8139,4
8140,2
8141,8
8142,3
8143,8
8144,9
8145,9
8146,6
8147,8
8148,10
8149,4
8150,3
8151,3
8152,6
8153,8
8154,7
8155,3
8156,9
8157,0
8158,8
8159,0
8160,4
8161,1
8162,7
8163,10
8164,4
8165,4
8166,5
8167,3
8168,8
8169,5
8170,3
8171,9
8172,5
8173,3
8174,5
8175,3
8176,5
8177,3
8178,9
8179,0
8180,5
8181,4
8182,1
8183,9
8184,1
8185,4
8186,4
8187,5
8188,5
8189,1
8190,10
8191,2
8192,5
8193,5
8194,5
8195,7
8196,2
8197,7
8198,2
8199,2
8200,3
8201,5
8202,5
8203,4
8204,2
8205,8
8206,5
8207,4
8208,5
8209,8
8210,5
8211,2
8212,4
8213,4
8214,4
8215,5
8216,5
8217,9
8218,4
8219,6
8220,0
8221,4
8222,4
8223,6
8224,4
8225,4
8226,5
8227,6
8228,8
8229,3
8230,9
8231,1
8232,4
8233,6
8234,4
8235,5
8236,9
8237,6
8238,5
8239,3
8240,10
8241,0
8242,4
8243,6
8244,6
8245,6
8246,3
8247,5
8248,3
8249,10
8250,4
8251,1
8252,5
8253,0
8254,4
8255,6
8256,4
8257,5
8258,3
8259,6
8260,5
8261,5
8262,6
8263,7
8264,4
8265,4
8266,5
8267,5
8268,6
8269,5
8270,6
8271,5
8272,2
8273,0
8274,3
8275,3
8276,5
8277,2
8278,1
8279,2
8280,3
8281,5
8282,5
8283,6
8284,5
8285,6
8286,5
8287,0
8288,1
8289,6
8290,5
8291,7
8292,1
8293,7
8294,3
8295,3
8296,4
8297,7
8298,5
8299,5
8300,1
8301,5
8302,6
8303,2
8304,6
8305,7
8306,5
8307,5
8308,7
8309,6
8310,2
8311,2
8312,2
8313,4
8314,5
8315,5
8316,5
8317,4
8318,7
8319,4
8320,6
8321,5
8322,4
8323,5
8324,6
8325,8
8326,3
8327,6
8328,2
8329,6
8330,3
8331,6
8332,5
8333,8
8334,3
8335,3
8336,5
8337,5
8338,6
8339,6
8340,7
8341,5
8342,8
8343,5
8344,4
8345,6
8346,7
8347,8
8348,6
8349,3
8350,8
8351,6
8352,5
8353,2
8354,5
8355,4
8356,3
8357,8
8358,3
8359,9
8360,4
8361,6
8362,7
8363,9
8364,4
8365,4
8366,6
8367,6
8368,5
8369,4
8370,5
8371,7
8372,10
8373,0
8374,6
8375,5
8376,6
8377,9
8378,9
8379,5
8380,3
8381,1
8382,7
8383,10
8384,1
8385,5
8386,2
8387,7
8388,3
8389,5
8390,2
8391,7
8392,7
8393,6
8394,6
8395,4
8396,6
8397,6
8398,0
8399,6
8400,7
8401,8
8402,4
8403,7
8404,5
8405,7
8406,7
8407,7
8408,8
8409,8
8410,8
8411,4
8412,3
8413,6
8414,6
8415,7
8416,6
8417,8
8418,4
8419,8
8420,9
8421,1
8422,9
8423,5
8424,1
8425,5
8426,2
8427,6
8428,5
8429,10
8430,7
8431,5
8432,8
8433,6
8434,6
8435,2
8436,0
8437,8
8438,8
8439,0
8440,4
8441,9
8442,7
8443,7
8444,7
8445,8
8446,1
8447,4
8448,9
8449,1
8450,2
8451,7
8452,4
8453,3
8454,8
8455,3
8456,8
8457,6
8458,9
8459,5
8460,2
8461,6
8462,10
8463,6
8464,2
8465,9
8466,3
8467,3
8468,6
8469,6
8470,2
8471,4
8472,6
8473,3
8474,2
8475,9
8476,10
8477,9
8478,10
8479,6
8480,7
8481,3
8482,6
8483,7
8484,0
8485,4
8486,0
8487,0
8488,3
8489,0
8490,1
8491,1
8492,3
8493,4
8494,5
8495,7
8496,1
8497,1
8498,2
8499,2
8500,7
8501,2
8502,6
8503,7
8504,4
8505,1
8506,3
8507,1
8508,7
8509,8
8510,3
8511,2
8512,3
8513,8
8514,2
8515,2
8516,5
8517,3
8518,8
8519,3
8520,9
8521,9
8522,7
8523,4
8524,3
8525,8
8526,7
8527,10
8528,5
8529,7
8530,8
8531,3
8532,7
8533,4
8534,4
8535,5
8536,8
8537,4
8538,2
8539,8
8540,4
8541,5
8542,0
8543,4
8544,4
8545,8
8546,2
8547,2
8548,4
8549,9
8550,5
8551,3
8552,4
8553,5
8554,3
8555,4
8556,9
8557,10
8558,8
8559,4
8560,5
8561,9
8562,9
8563,3
8564,3
8565,1
8566,5
8567,5
8568,4
8569,5
8570,5
8571,5
8572,3
8573,3
8574,5
8575,5
8576,6
8577,5
8578,10
8579,4
8580,5
8581,4
8582,5
8583,3
8584,0
8585,6
8586,5
8587,3
8588,1
8589,1
8590,3
8591,4
8592,1
8593,4
8594,0
8595,4
8596,4
8597,4
8598,2
8599,4
8600,6
8601,2
8602,4
8603,4
8604,2
8605,2
8606,5
8607,5
8608,2
8609,5
8610,6
8611,4
8612,6
8613,5
8614,0
8615,2
8616,4
8617,5
8618,3
8619,1
8620,3
8621,6
8622,5
8623,6
8624,3
8625,5
8626,4
8627,6
8628,5
8629,5
8630,1
8631,6
8632,5
8633,3
8634,3
8635,7
8636,2
8637,5
8638,6
8639,5
8640,3
8641,5
8642,5
8643,2
8644,5
8645,3
8646,5
8647,5
8648,3
8649,4
8650,4
8651,5
8652,2
8653,4
8654,6
8655,5
8656,6
8657,6
8658,4
8659,5
8660,6
8661,6
8662,6
8663,4
8664,6
8665,5
8666,4
8667,4
8668,6
8669,5
8670,4
8671,5
8672,3
8673,4
8674,4
8675,4
8676,6
8677,6
8678,6
8679,6
8680,5
8681,4
8682,6
8683,5
8684,7
8685,4
8686,6
8687,5
8688,3
8689,7
8690,3
8691,5
8692,7
8693,6
8694,6
8695,6
8696,6
8697,5
8698,3
8699,6
8700,5
8701,5
8702,4
8703,7
8704,5
8705,5
8706,7
8707,7
8708,6
8709,7
8710,5
8711,4
8712,7
8713,5
8714,6
8715,7
8716,7
8717,5
8718,7
8719,5
8720,5
8721,4
8722,7
8723,8
8724,7
8725,5
8726,5
8727,8
8728,5
8729,7
8730,7
8731,7
8732,7
8733,6
8734,8
8735,8
8736,8
8737,5
8738,8
8739,5
8740,4
8741,8
8742,6
8743,5
8744,8
8745,5
8746,7
8747,6
8748,6
8749,6
8750,5
8751,4
8752,8
8753,6
8754,5
8755,6
8756,6
8757,9
8758,5
8759,9
8760,7
8761,7
8762,5
8763,8
8764,7
8765,8
8766,5
8767,6
8768,6
8769,7
8770,6
8771,6
8772,5
8773,8
8774,10
8775,6
8776,0
8777,9
8778,5
8779,8
8780,9
8781,7
8782,6
8783,9
8784,6
8785,9
8786,6
8787,6
8788,5
8789,1
8790,6
8791,9
8792,7
8793,7
8794,6
8795,8
8796,5
8797,7
8798,10
8799,8
8800,6
8801,8
8802,1
8803,7
8804,7
8805,6
8806,0
8807,5
8808,0
8809,9
8810,1
8811,7
8812,1
8813,8
8814,8
8815,8
8816,2
8817,9
8818,5
8819,7
8820,6
8821,10
8822,10
8823,6
8824,6
8825,2
8826,8
8827,0
8828,9
8829,8
8830,2
8831,0
8832,10
8833,9
8834,0
8835,6
8836,9
8837,2
8838,10
8839,9
8840,0
8841,6
8842,1
8843,9
8844,5
8845,7
8846,2
8847,10
8848,0
8849,1
8850,2
8851,0
8852,2
8853,8
8854,6
8855,1
8856,0
8857,3
8858,1
8859,7
8860,3
8861,1
8862,6
8863,7
8864,6
8865,6
8866,7
8867,1
8868,8
8869,3
8870,3
8871,1
8872,6
8873,7
8874,6
8875,7
8876,7
8877,3
8878,1
8879,8
8880,2
8881,4
8882,4
8883,8
8884,2
8885,8
8886,6
8887,2
8888,3
8889,7
8890,8
8891,4
8892,6
8893,4
8894,1
8895,2
8896,6
8897,1
8898,2
8899,9
8900,7
8901,7
8902,3
8903,7
8904,9
8905,2
8906,10
8907,3
8908,3
8909,7
8910,4
8911,2
8912,2
8913,3
8914,3
8915,4
8916,4
8917,8
8918,2
8919,2
8920,8
8921,3
8922,8
8923,2
8924,2
8925,4
8926,0
8927,3
8928,4
8929,7
8930,3
8931,5
8932,9
8933,8
8934,5
8935,3
8936,2
8937,4
8938,9
8939,3
8940,4
8941,4
8942,10
8943,5
8944,5
8945,3
8946,0
8947,1
8948,1
8949,2
8950,5
8951,4
8952,3
8953,5
8954,3
8955,9
8956,5
8957,4
8958,2
8959,5
8960,3
8961,9
8962,5
8963,5
8964,8
8965,3
8966,5
8967,4
8968,5
8969,10
8970,2
8971,2
8972,6
8973,4
8974,8
8975,3
8976,3
8977,5
8978,3
8979,3
8980,0
8981,4
8982,1
8983,3
8984,5
8985,0
8986,0
8987,4
8988,6
8989,1
8990,3
8991,2
8992,3
8993,6
8994,4
8995,4
8996,3
8997,4
8998,6
8999,4
9000,4
9001,2
9002,5
9003,6
9004,2
9005,5
9006,3
9007,9
9008,4
9009,3
9010,4
9011,1
9012,3
9013,6
9014,1
9015,9
9016,2
9017,4
9018,4
9019,7
9020,5
9021,5
9022,10
9023,0
9024,5
9025,4
9026,2
9027,5
9028,4
9029,5
9030,3
9031,2
9032,6
9033,5
9034,4
9035,3
9036,6
9037,4
9038,3
9039,3
9040,3
9041,4
9042,3
9043,6
9044,7
9045,6
9046,6
9047,5
9048,0
9049,5
9050,6
9051,5
9052,5
9053,4
9054,6
9055,6
9056,6
9057,4
9058,4
9059,4
9060,6
9061,5
9062,1
9063,4
9064,5
9065,4
9066,7
9067,5
9068,1
9069,4
9070,4
9071,2
9072,7
9073,7
9074,3
9075,4
9076,5
9077,7
9078,7
9079,8
9080,5
9081,3
9082,7
9083,5
9084,8
9085,2
9086,4
9087,5
9088,6
9089,5
9090,2
9091,5
9092,4
9093,8
9094,9
9095,4
9096,4
9097,3
9098,5
9099,6
9100,5
9101,5
9102,5
9103,4
9104,3
9105,4
9106,6
9107,4
9108,5
9109,6
9110,8
9111,6
9112,7
9113,9
9114,5
9115,4
9116,5
9117,7
9118,7
9119,8
9120,5
9121,8
9122,4
9123,5
9124,5
9125,5
9126,5
9127,5
9128,6
9129,5
9130,10
9131,5
9132,6
9133,5
9134,6
9135,5
9136,7
9137,5
9138,6
9139,5
9140,6
9141,5
9142,5
9143,5
9144,6
9145,5
9146,3
9147,5
9148,6
9149,7
9150,0
9151,6
9152,3
9153,8
9154,5
9155,7
9156,6
9157,5
9158,6
9159,7
9160,7
9161,5
9162,7
9163,8
9164,7
9165,9
9166,7
9167,7
9168,8
9169,6
9170,8
9171,5
9172,8
9173,8
9174,5
9175,0
9176,9
9177,6
9178,8
9179,1
9180,8
9181,5
9182,1
9183,4
9184,10
9185,9
9186,5
9187,6
9188,5
9189,6
9190,4
9191,6
9192,8
9193,5
9194,9
9195,6
9196,0
9197,2
9198,5
9199,6
9200,1
9201,6
9202,2
9203,9
9204,5
9205,2
9206,6
9207,6
9208,6
9209,1
9210,3
9211,4
9212,6
9213,6
9214,6
9215,4
9216,7
9217,6
9218,2
9219,9
9220,7
9221,6
9222,6
9223,3
9224,9
9225,10
9226,2
9227,7
9228,7
9229,0
9230,6
9231,8
9232,1
9233,4
9234,7
9235,6
9236,7
9237,9
9238,6
9239,5
9240,7
9241,3
9242,5
9243,6
9244,6
9245,6
9246,8
9247,3
9248,7
9249,6
9250,6
9251,10
9252,6
9253,6
9254,6
9255,5
9256,10
9257,6
9258,4
9259,2
9260,8
9261,7
9262,4
9263,7
9264,3
9265,5
9266,8
9267,8
9268,7
9269,3
9270,7
9271,0
9272,5
9273,0
9274,8
9275,1
9276,7
9277,1
9278,7
9279,3
9280,2
9281,9
9282,9
9283,1
9284,2
9285,4
9286,2
9287,7
9288,7
9289,10
9290,1
9291,2
9292,5
9293,4
9294,1
9295,5
9296,3
9297,4
9298,3
9299,5
9300,2
9301,6
9302,9
9303,6
9304,0
9305,7
9306,7
9307,4
9308,9
9309,5
9310,7
9311,2
9312,8
9313,2
9314,8
9315,4
9316,1
9317,4
9318,3
9319,8
9320,8
9321,2
9322,7
9323,5
9324,1
9325,3
9326,9
9327,3
9328,4
9329,2
9330,8
9331,8
9332,2
9333,10
9334,9
9335,3
9336,3
9337,0
9338,1
9339,4
9340,3
9341,1
9342,6
9343,8
9344,3
9345,2
9346,5
9347,5
9348,10
9349,2
9350,4
9351,0
9352,5
9353,2
9354,5
9355,3
9356,3
9357,6
9358,1
9359,8
9360,3
9361,4
9362,1
9363,3
9364,3
9365,3
9366,4
9367,5
9368,4
9369,5
9370,5
9371,8
9372,5
9373,9
9374,3
9375,3
9376,2
9377,6
9378,2
9379,6
9380,6
9381,4
9382,4
9383,4
9384,2
9385,9
9386,5
9387,4
9388,3
9389,6
9390,7
9391,2
9392,9
9393,7
9394,7
9395,4
9396,9
9397,4
9398,7
9399,5
9400,3
9401,6
9402,5
9403,2
9404,4
9405,4
9406,4
9407,3
9408,5
9409,5
9410,5
9411,5
9412,6
9413,8
9414,5
9415,6
9416,6
9417,10
9418,5
9419,8
9420,6
9421,4
9422,3
9423,3
9424,6
9425,6
9426,6
9427,8
9428,9
9429,6
9430,3
9431,7
9432,4
9433,0
9434,3
9435,9
9436,4
9437,4
9438,5
9439,4
9440,4
9441,3
9442,4
9443,6
9444,10
9445,7
9446,7
9447,4
9448,5
9449,7
9450,6
9451,10
9452,4
9453,6
9454,4
9455,7
9456,7
9457,0
9458,5
9459,4
9460,5
9461,0
9462,5
9463,6
9464,7
9465,5
9466,6
9467,5
9468,8
9469,7
9470,1
9471,1
9472,0
9473,6
9474,4
9475,8
9476,1
9477,1
9478,4
9479,6
9480,7
9481,5
9482,5
9483,1
9484,2
9485,7
9486,4
9487,8
9488,5
9489,5
9490,8
9491,7
9492,1
9493,8
9494,8
9495,5
9496,5
9497,9
9498,5
9499,5
9500,5
9501,2
9502,5
9503,7
9504,8
9505,2
9506,5
9507,5
9508,9
9509,5
9510,8
9511,2
9512,4
9513,2
9514,2
9515,9
9516,2
9517,5
9518,8
9519,9
9520,10
9521,9
9522,4
9523,5
9524,2
9525,0
9526,5
9527,5
9528,3
9529,5
9530,5
9531,1
9532,5
9533,10
9534,9
9535,5
9536,0
9537,10
9538,5
9539,0
9540,4
9541,6
9542,1
9543,1
9544,6
9545,1
9546,1
9547,5
9548,3
9549,3
9550,2
9551,6
9552,6
9553,2
9554,2
9555,6
9556,3
9557,6
9558,2
9559,6
9560,6
9561,3
9562,6
9563,2
9564,6
9565,2
9566,1
9567,6
9568,6
9569,2
9570,5
9571,7
9572,3
9573,2
9574,6
9575,6
9576,6
9577,3
9578,7
9579,2
9580,3
9581,7
9582,3
9583,3
9584,2
9585,3
9586,3
9587,4
9588,3
9589,6
9590,3
9591,6
9592,6
9593,3
9594,7
9595,5
9596,3
9597,3
9598,6
9599,6
9600,6
9601,5
9602,4
9603,4
9604,3
9605,8
9606,4
9607,4
9608,6
9609,3
9610,7
9611,6
9612,3
9613,7
9614,7
9615,3
9616,4
9617,8
9618,3
9619,3
9620,8
9621,4
9622,4
9623,7
9624,7
9625,9
9626,9
9627,8
9628,10
9629,6
9630,7
9631,7
9632,4
9633,4
9634,4
9635,4
9636,8
9637,8
9638,9
9639,4
9640,4
9641,5
9642,5
9643,3
9644,9
9645,4
9646,5
9647,4
9648,10
9649,4
9650,5
9651,4
9652,0
9653,4
9654,4
9655,0
9656,4
9657,1
9658,5
9659,4
9660,4
9661,7
9662,1
9663,4
9664,4
9665,6
9666,5
9667,1
9668,5
9669,6
9670,2
9671,4
9672,2
9673,1
9674,7
9675,2
9676,4
9677,7
9678,5
9679,4
9680,4
9681,2
9682,3
9683,5
9684,8
9685,7
9686,5
9687,3
9688,6
9689,7
9690,8
9691,5
9692,8
9693,5
9694,3
9695,4
9696,3
9697,5
9698,2
9699,2
9700,6
9701,8
9702,4
9703,5
9704,4
9705,3
9706,6
9707,4
9708,8
9709,8
9710,9
9711,5
9712,6
9713,5
9714,7
9715,5
9716,9
9717,5
9718,5
9719,7
9720,5
9721,7
9722,5
9723,9
9724,9
9725,5
9726,3
9727,5
9728,5
9729,10
9730,10
9731,5
9732,7
9733,8
9734,5
9735,4
9736,8
9737,8
9738,5
9739,0
9740,5
9741,4
9742,5
9743,5
9744,5
9745,5
9746,9
9747,9
9748,6
9749,5
9750,5
9751,1
9752,5
9753,3
9754,5
9755,5
9756,1
9757,5
9758,5
9759,5
9760,6
9761,6
9762,5
9763,10
9764,0
9765,6
9766,2
9767,1
9768,5
9769,5
9770,5
9771,1
9772,5
9773,6
9774,0
9775,6
9776,2
9777,6
9778,6
9779,5
9780,5
9781,2
9782,5
9783,2
9784,1
9785,6
9786,6
9787,6
9788,2
9789,5
9790,6
9791,6
9792,6
9793,5
9794,5
9795,3
9796,3
9797,6
9798,5
9799,1
9800,6
9801,6
9802,6
9803,3
9804,6
9805,3
9806,6
9807,6
9808,6
9809,6
9810,6
9811,6
9812,4
9813,7
9814,6
9815,6
9816,7
9817,4
9818,6
9819,3
9820,6
9821,6
9822,7
9823,6
9824,6
9825,6
9826,6
9827,2
9828,4
9829,7
9830,4
9831,4
9832,7
9833,6
9834,4
9835,6
9836,6
9837,4
9838,2
9839,7
9840,4
9841,7
9842,6
9843,4
9844,7
9845,6
9846,6
9847,7
9848,8
9849,7
9850,8
9851,7
9852,4
9853,7
9854,7
9855,7
9856,7
9857,7
9858,7
9859,7
9860,3
9861,8
9862,7
9863,3
9864,5
9865,2
9866,7
9867,8
9868,5
9869,9
9870,9
9871,7
9872,5
9873,6
9874,8
9875,5
9876,3
9877,5
9878,7
9879,5
9880,8
9881,5
9882,5
9883,5
9884,8
9885,8
9886,8
9887,7
9888,7
9889,5
9890,2
9891,8
9892,3
9893,3
9894,10
9895,5
9896,6
9897,8
9898,8
9899,5
9900,3
9901,9
9902,7
9903,0
9904,9
9905,4
9906,4
9907,8
9908,8
9909,5
9910,8
9911,8
9912,10
9913,5
9914,8
9915,9
9916,9
9917,9
9918,9
9919,4
9920,6
9921,6
9922,6
9923,3
9924,8
9925,1
9926,9
9927,4
9928,4
9929,6
9930,10
9931,0
9932,9
9933,3
9934,10
9935,7
9936,9
9937,1
9938,9
9939,6
9940,6
9941,5
9942,6
9943,7
9944,0
9945,7
9946,1
9947,6
9948,4
9949,6
9950,0
9951,1
9952,4
9953,8
9954,2
9955,1
9956,6
9957,5
9958,6
9959,10
9960,1
9961,0
9962,1
9963,1
9964,1
9965,8
9966,2
9967,2
9968,6
9969,4
9970,7
9971,4
9972,10
9973,7
9974,2
9975,2
9976,5
9977,2
9978,8
9979,2
9980,1
9981,7
9982,7
9983,2
9984,5
9985,2
9986,4
9987,9
9988,2
9989,7
9990,9
9991,2
9992,10
9993,2
9994,5
9995,2
9996,3
9997,3
9998,2
9999,2
10000,7
